Date,AXISBANK.NS,HDFCBANK.NS,ICICIBANK.NS,KOTAKBANK.NS,PNB.NS,SBIN.NS
2015-01-01,486.962890625,217.23532104492188,294.0238342285156,124.95895385742188,198.77635192871094,279.8805236816406
2015-01-02,497.85308837890625,220.25868225097656,302.3697204589844,126.24468994140625,198.91212463378906,280.9947204589844
2015-01-05,500.9991760253906,218.39906311035156,302.9955749511719,125.73835754394531,197.0569305419922,278.7663879394531
2015-01-06,483.0907897949219,214.99923706054688,290.14306640625,124.23915100097656,188.00723266601562,267.3126525878906
2015-01-07,482.70355224609375,215.626708984375,282.2979431152344,126.23973846435547,184.47784423828125,267.5354919433594
2015-01-08,485.8980712890625,220.156005859375,289.97613525390625,133.10523986816406,186.9212646484375,271.72479248046875
2015-01-09,479.12188720703125,222.62030029296875,285.30242919921875,135.12071228027344,186.96652221679688,270.2540588378906
2015-01-12,485.5108947753906,220.65797424316406,289.2249755859375,136.1184844970703,189.0931854248047,273.73028564453125
2015-01-13,488.3665771484375,219.81373596191406,284.5096130371094,138.29776000976562,187.64524841308594,271.9476318359375
2015-01-14,483.6231994628906,219.9392547607422,281.1712951660156,138.1240234375,183.75387573242188,271.591064453125
2015-01-15,497.611083984375,226.6134033203125,294.4829406738281,139.0374298095703,190.0886688232422,285.4959716796875
2015-01-16,498.337158203125,228.4844207763672,295.3174743652344,138.5360565185547,185.56381225585938,281.1729736328125
2015-01-19,512.0345458984375,229.21458435058594,301.1177673339844,137.95028686523438,188.0977325439453,279.1229248046875
2015-01-20,533.7667236328125,232.95668029785156,306.9181823730469,138.5708465576172,189.3647003173828,283.5796203613281
2015-01-21,529.7494506835938,232.72854614257812,307.5023498535156,137.82122802734375,195.47323608398438,290.7548828125
2015-01-22,546.6897583007812,233.025146484375,308.6290283203125,137.77159118652344,192.5773162841797,289.373291015625
2015-01-23,547.0770874023438,237.94235229492188,309.3801574707031,137.5382843017578,187.46426391601562,291.8691101074219
2015-01-27,573.1650390625,245.0728759765625,320.06280517578125,137.84107971191406,185.20181274414062,294.1864929199219
2015-01-28,571.7130737304688,241.49049377441406,320.5218811035156,134.147705078125,187.05702209472656,298.24212646484375
2015-01-29,580.3284912109375,249.85313415527344,317.39215087890625,132.18685913085938,180.17926025390625,291.4679260253906
2015-01-30,569.2930297851562,245.8258056640625,301.03436279296875,131.27345275878906,171.62728881835938,275.3793029785156
2015-02-02,597.5592651367188,246.79559326171875,293.6482849121094,134.266845703125,173.572998046875,274.08685302734375
2015-02-03,567.8410034179688,242.80252075195312,289.2667236328125,129.69480895996094,160.043701171875,267.6691589355469
2015-02-04,540.7365112304688,243.62391662597656,287.6392822265625,128.22540283203125,160.2699432373047,261.2070007324219
2015-02-05,547.802978515625,245.6318817138672,280.08636474609375,127.86797332763672,155.1116180419922,259.2014465332031
2015-02-06,545.1409301757812,240.38388061523438,274.87017822265625,125.78303527832031,154.2519073486328,258.75579833984375
2015-02-09,535.8963012695312,237.32627868652344,267.1085510253906,125.7184829711914,150.8582763671875,249.12933349609375
2015-02-10,536.38037109375,240.60061645507812,276.2889709472656,127.65454864501953,150.40577697753906,256.081787109375
2015-02-11,551.0458374023438,241.5019073486328,279.335205078125,128.94024658203125,152.75869750976562,254.87847900390625
2015-02-12,560.2420043945312,245.51776123046875,283.049072265625,128.73178100585938,150.36053466796875,253.40774536132812
2015-02-13,562.516845703125,243.19039916992188,286.97161865234375,130.01251220703125,151.71798706054688,273.5965881347656
2015-02-16,552.0623168945312,243.58973693847656,282.1310729980469,128.31973266601562,150.81300354003906,273.3738098144531
2015-02-18,551.2879028320312,245.24403381347656,285.76153564453125,129.84373474121094,151.98947143554688,272.4824523925781
2015-02-19,547.1737670898438,246.38487243652344,282.5483093261719,129.78912353515625,149.63656616210938,269.4964294433594
2015-02-20,543.5437622070312,244.84469604492188,276.20550537109375,128.8955841064453,151.3107452392578,269.45184326171875
2015-02-23,531.4918212890625,243.5783233642578,274.5780944824219,130.7422332763672,148.14337158203125,264.32666015625
2015-02-24,534.1539306640625,243.61253356933594,272.1160583496094,134.0633087158203,146.01669311523438,264.0592956542969
2015-02-25,535.3155517578125,240.14425659179688,269.15325927734375,133.2938690185547,144.93072509765625,263.4353332519531
2015-02-26,534.6378784179688,236.88133239746094,268.1517333984375,132.38043212890625,144.3877410888672,257.95361328125
2015-02-27,549.0130615234375,240.49794006347656,279.7942199707031,132.8173065185547,150.36053466796875,267.3126525878906
2015-03-02,626.8419189453125,247.0123291015625,291.3114318847656,139.46435546875,149.99856567382812,269.1844482421875
2015-03-03,611.2083740234375,247.1948699951172,290.9776306152344,139.8614959716797,153.16595458984375,269.7193298339844
2015-03-04,593.1548461914062,243.07635498046875,291.5617980957031,140.015380859375,148.77682495117188,261.9200744628906
2015-03-05,597.0753173828125,247.59422302246094,290.22650146484375,140.21397399902344,147.7813720703125,261.87542724609375
2015-03-09,572.6810913085938,241.6387939453125,277.74945068359375,135.4830780029297,146.107177734375,259.0677490234375
2015-03-10,566.7277221679688,240.16708374023438,278.4588317871094,133.81509399414062,147.8718719482422,256.3492126464844
2015-03-11,565.1788940429688,241.05694580078125,277.62432861328125,136.60498046875,147.6456298828125,254.16542053222656
2015-03-12,565.4209594726562,240.63482666015625,282.2562255859375,136.0192108154297,150.36053466796875,255.6807098388672
2015-03-13,551.7718505859375,237.9081268310547,275.57952880859375,133.16476440429688,150.27005004882812,250.2435302734375
2015-03-16,550.4166259765625,239.9389190673828,276.622802734375,130.55361938476562,151.5369873046875,251.0457305908203
2015-03-17,561.5489501953125,241.42201232910156,279.46038818359375,133.00596618652344,151.67274475097656,252.33816528320312
2015-03-18,562.6620483398438,242.67698669433594,279.41864013671875,133.32862854003906,152.532470703125,256.081787109375
2015-03-19,545.5281372070312,240.08718872070312,275.57952880859375,131.62095642089844,146.55967712402344,251.0011444091797
2015-03-20,538.4615478515625,240.93150329589844,265.8984069824219,133.0109100341797,147.3741455078125,248.01513671875
2015-03-23,537.4452514648438,239.0718536376953,261.89239501953125,132.62869262695312,147.6003875732422,244.8955078125
2015-03-24,540.2039794921875,236.83567810058594,260.3066101074219,133.11514282226562,146.3334197998047,241.15182495117188
2015-03-25,544.2212524414062,235.991455078125,264.4796142578125,131.70530700683594,140.72264099121094,236.56146240234375
2015-03-26,526.8936767578125,229.76222229003906,257.01007080078125,129.60543823242188,134.07110595703125,228.76222229003906
2015-03-27,528.9265747070312,231.51918029785156,262.5183410644531,128.98492431640625,132.80413818359375,234.95706176757812
2015-03-30,545.5281372070312,236.59613037109375,265.9818115234375,130.24583435058594,134.43310546875,238.78981018066406
2015-03-31,542.2852783203125,233.3560333251953,263.3111877441406,130.38482666015625,130.67747497558594,238.03216552734375
2015-04-01,551.4331665039062,235.7632598876953,269.6957702636719,135.130615234375,137.50999450683594,243.7367706298828
2015-04-06,550.8522338867188,235.46664428710938,268.1100158691406,138.75942993164062,134.52357482910156,244.8063507080078
2015-04-07,540.0104370117188,235.64920043945312,264.8968811035156,137.69215393066406,136.28826904296875,242.48886108398438
2015-04-08,538.122802734375,236.28810119628906,262.97735595703125,136.1780548095703,138.2792205810547,244.1378631591797
2015-04-09,553.8532104492188,240.97708129882812,267.5675354003906,142.03582763671875,146.55967712402344,250.33270263671875
2015-04-10,549.8842163085938,237.9081268310547,265.6480407714844,141.22171020507812,148.0528564453125,254.70022583007812
2015-04-13,547.8997802734375,237.02967834472656,264.4796142578125,143.52508544921875,149.86279296875,255.19044494628906
2015-04-15,532.60498046875,235.398193359375,262.8938903808594,143.35629272460938,150.8582763671875,258.4884033203125
2015-04-16,533.185791015625,234.94183349609375,260.8074035644531,140.82455444335938,146.55967712402344,260.62762451171875
2015-04-17,516.6327514648438,232.34063720703125,258.8044128417969,137.66236877441406,147.73614501953125,260.0482177734375
2015-04-20,501.6767578125,229.34010314941406,259.68072509765625,136.10858154296875,145.24745178222656,256.39373779296875
2015-04-21,506.468505859375,228.8609161376953,259.4303283691406,134.3313751220703,145.3379669189453,257.77532958984375
2015-04-22,522.8279418945312,231.16551208496094,261.1829528808594,135.24977111816406,145.88095092773438,253.00668334960938
2015-04-23,520.9888305664062,231.2567596435547,260.26495361328125,136.768798828125,144.79498291015625,247.48036193847656
2015-04-24,510.3888854980469,229.64817810058594,257.26043701171875,135.845458984375,142.62306213378906,245.6085662841797
2015-04-27,507.43658447265625,229.41995239257812,252.2946319580078,132.72796630859375,144.47825622558594,238.03216552734375
2015-04-28,517.8911743164062,229.21458435058594,272.78369140625,133.24424743652344,145.69996643066406,242.8899688720703
2015-04-29,534.2991333007812,226.6134033203125,275.53778076171875,132.02796936035156,144.79498291015625,242.3551483154297
2015-04-30,549.6422729492188,225.62083435058594,276.37237548828125,132.3357696533203,144.56874084472656,240.4387969970703
2015-05-04,550.1746215820312,228.3931427001953,274.8283996582031,132.92152404785156,150.81300354003906,247.03468322753906
2015-05-05,547.7545776367188,225.35842895507812,274.1190185546875,141.3060760498047,150.08905029296875,242.48886108398438
2015-05-06,525.9257202148438,221.468017578125,260.5152893066406,134.15264892578125,144.79498291015625,236.56146240234375
2015-05-07,510.4857482910156,217.06422424316406,254.2142333984375,129.88345336914062,141.12985229492188,232.5950164794922
2015-05-08,523.505615234375,224.06924438476562,264.5630187988281,131.99819946289062,131.8539276123047,233.48635864257812
2015-05-11,533.4762573242188,225.96310424804688,269.9878234863281,132.9463653564453,134.9308319091797,246.05419921875
2015-05-12,515.3258666992188,221.7760772705078,257.2187194824219,130.9408416748047,129.18426513671875,238.34413146972656
2015-05-13,540.6396484375,225.9517059326172,265.10546875,133.18960571289062,131.084716796875,244.49435424804688
2015-05-14,538.0744018554688,226.1342315673828,262.8521423339844,131.73013305664062,136.28826904296875,250.42176818847656
2015-05-15,544.0762329101562,225.91746520996094,260.6822204589844,133.492431640625,133.3923797607422,256.2154846191406
2015-05-18,549.351806640625,230.42393493652344,263.93707275390625,135.45823669433594,134.38784790039062,258.26556396484375
2015-05-19,543.4953002929688,229.89910888671875,263.1860046386719,136.74398803710938,135.29283142089844,257.1068420410156
2015-05-20,540.3975830078125,233.66407775878906,266.0235900878906,137.48367309570312,136.15252685546875,260.8058776855469
2015-05-21,552.2074584960938,233.81234741210938,261.6837463378906,138.74952697753906,134.8855743408203,258.7112121582031
2015-05-22,550.4650268554688,233.7211151123047,261.7254638671875,137.73681640625,135.65480041503906,251.75880432128906
2015-05-25,544.1244506835938,233.54995727539062,260.5152893066406,136.52557373046875,136.7407684326172,247.48036193847656
2015-05-26,546.205810546875,234.42845153808594,258.4705505371094,137.25030517578125,135.97154235839844,247.03468322753906
2015-05-27,559.3223876953125,236.88133239746094,261.3499755859375,136.47093200683594,138.6864471435547,250.2435302734375
2015-05-28,556.2732543945312,234.88479614257812,262.4765930175781,135.83554077148438,141.40135192871094,250.55946350097656
2015-05-29,566.6793823242188,239.71075439453125,264.7716979980469,138.92825317382812,139.0484161376953,251.05581665039062
2015-06-01,559.95166015625,236.43638610839844,264.10406494140625,138.2779083251953,139.22943115234375,251.10098266601562
2015-06-02,535.412353515625,230.18435668945312,254.1307373046875,134.95687866210938,137.32901000976562,240.3150177001953
2015-06-03,533.2827758789062,229.44276428222656,246.828125,133.63145446777344,135.6095428466797,232.3270721435547
2015-06-04,538.6067504882812,231.587646484375,246.2762908935547,135.52279663085938,131.084716796875,232.50758361816406
2015-06-05,530.8627319335938,230.8574676513672,241.18272399902344,134.66400146484375,130.04397583007812,232.6881103515625
2015-06-08,535.8963012695312,228.963623046875,240.376220703125,134.31649780273438,125.15718078613281,230.11572265625
2015-06-09,540.833251953125,228.59852600097656,243.72950744628906,132.1421661376953,123.3019790649414,232.50758361816406
2015-06-10,546.4478759765625,231.73594665527344,248.31378173828125,132.5045623779297,124.47845458984375,235.2153778076172
2015-06-11,529.2653198242188,228.22203063964844,244.9180450439453,127.1729965209961,119.86309051513672,229.2582550048828
2015-06-12,533.8150634765625,230.2642364501953,251.2426300048828,130.17137145996094,119.3653564453125,229.21311950683594
2015-06-15,532.4598388671875,229.36293029785156,254.0016632080078,128.04672241210938,118.00790405273438,225.87353515625
2015-06-16,533.5247802734375,230.0930938720703,256.4211120605469,127.99209594726562,120.08934020996094,229.79983520507812
2015-06-17,531.6853637695312,229.2488250732422,255.8268280029297,128.577880859375,119.86309051513672,230.2511444091797
2015-06-18,532.4598388671875,232.648681640625,257.52471923828125,129.89430236816406,119.00337982177734,232.95889282226562
2015-06-19,533.911865234375,235.1357879638672,258.54345703125,131.95587158203125,121.0848159790039,234.8092041015625
2015-06-22,553.8532104492188,238.93490600585938,267.4573059082031,134.91163635253906,128.09010314941406,240.08935546875
2015-06-23,553.0302124023438,240.06439208984375,266.14141845703125,137.15203857421875,132.86854553222656,241.66891479492188
2015-06-24,553.2239990234375,238.62689208984375,269.7494201660156,137.48489379882812,128.09010314941406,236.794921875
2015-06-25,551.8202514648438,243.0078582763672,267.2450256347656,139.7501678466797,128.22926330566406,239.0062255859375
2015-06-26,547.415771484375,242.51727294921875,264.6133117675781,137.1371612548828,126.09519958496094,239.36732482910156
2015-06-29,544.7053833007812,241.10260009765625,264.1888427734375,135.95980834960938,127.62619018554688,234.35791015625
2015-06-30,541.0751953125,243.49842834472656,261.4722595214844,137.68359375,128.78599548339844,237.1559295654297
2015-07-01,560.1453247070312,244.68495178222656,265.037841796875,139.91404724121094,130.64169311523438,241.66891479492188
2015-07-02,565.32421875,243.27110290527344,265.7170104980469,142.60655212402344,131.33758544921875,241.75912475585938
2015-07-03,567.2117919921875,246.96087646484375,267.0328369140625,141.96072387695312,132.03347778320312,243.15817260742188
2015-07-06,565.5178833007812,249.08738708496094,267.5421447753906,143.45599365234375,133.5180206298828,244.42178344726562
2015-07-07,567.4537353515625,249.8574981689453,265.3774108886719,141.63780212402344,134.6314697265625,246.31724548339844
2015-07-08,558.209228515625,245.719482421875,261.0902404785156,140.5052032470703,132.1726531982422,241.307861328125
2015-07-09,557.8677978515625,246.9149169921875,262.7456970214844,140.12765502929688,133.5180206298828,241.66891479492188
2015-07-10,564.11279296875,250.75411987304688,265.8443298339844,140.9622344970703,134.6314697265625,244.1961212158203
2015-07-13,567.8696899414062,251.99546813964844,268.60333251953125,142.07501220703125,134.5850830078125,247.03932189941406
2015-07-14,569.7725219726562,251.00694274902344,266.0989990234375,141.22055053710938,134.2602996826172,242.07508850097656
2015-07-15,569.8701171875,252.12191772460938,267.11767578125,141.53851318359375,133.19329833984375,241.93968200683594
2015-07-16,593.9237060546875,256.260009765625,269.1976013183594,147.29103088378906,133.61082458496094,245.68544006347656
2015-07-17,587.5321655273438,255.30593872070312,269.4947204589844,145.6815185546875,134.35311889648438,244.69256591796875
2015-07-20,585.3853149414062,256.3864440917969,268.0939636230469,146.3670654296875,131.1056365966797,241.39816284179688
2015-07-21,570.5044555664062,252.4322967529297,264.4010925292969,143.1976776123047,127.95091247558594,238.55496215820312
2015-07-22,575.5784912109375,256.1910705566406,268.9429016113281,144.78732299804688,129.01795959472656,242.39096069335938
2015-07-23,569.6260986328125,254.69674682617188,265.632080078125,143.13807678222656,129.5746612548828,243.74484252929688
2015-07-24,566.406005859375,254.6852264404297,255.19021606445312,144.00244140625,128.9715576171875,237.6072235107422
2015-07-27,542.3524169921875,251.92649841308594,247.12525939941406,142.07501220703125,125.3993148803711,233.27481079101562
2015-07-28,547.6705322265625,254.83468627929688,241.94676208496094,144.93637084960938,131.61593627929688,233.95175170898438
2015-07-29,553.4765625,254.80018615722656,245.5547332763672,144.25083923339844,127.71894073486328,228.89724731445312
2015-07-30,552.0128173828125,255.30593872070312,247.04034423828125,142.4326629638672,140.19857788085938,231.78550720214844
2015-07-31,559.6240844726562,255.55880737304688,256.7182312011719,138.18035888671875,140.1057891845703,243.74484252929688
2015-08-03,562.7467651367188,251.82310485839844,265.632080078125,137.14706420898438,143.86358642578125,253.67333984375
2015-08-04,566.064453125,249.76556396484375,266.6083984375,137.27621459960938,147.66778564453125,260.4879150390625
2015-08-05,566.357177734375,251.08743286132812,264.31622314453125,137.48489379882812,147.52862548828125,257.599609375
2015-08-06,570.6018676757812,251.94949340820312,264.0615539550781,140.44558715820312,150.26577758789062,260.8940734863281
2015-08-07,566.2595825195312,251.19088745117188,263.2974853515625,140.08792114257812,148.36367797851562,253.8990020751953
2015-08-10,561.966064453125,251.65069580078125,262.8305969238281,140.54495239257812,147.62139892578125,255.2078094482422
2015-08-11,557.4286499023438,251.66220092773438,256.59088134765625,140.0283203125,144.6986541748047,242.61660766601562
2015-08-12,544.352783203125,246.08731079101562,247.5921630859375,136.3423309326172,141.68313598632812,231.37936401367188
2015-08-13,553.8180541992188,247.71957397460938,247.80441284179688,137.25636291503906,141.82232666015625,234.0419921875
2015-08-14,556.2088012695312,253.29444885253906,256.88800048828125,142.61151123046875,154.25555419921875,242.34584045410156
2015-08-17,547.81689453125,250.9264678955078,257.1427307128906,143.02879333496094,160.79690551757812,252.50003051757812
2015-08-18,547.76806640625,249.74253845214844,255.6145782470703,140.10780334472656,158.29171752929688,257.0580749511719
2015-08-19,540.5958862304688,248.70802307128906,258.5009765625,141.558349609375,155.87930297851562,250.9204864501953
2015-08-20,520.4943237304688,247.0643310546875,253.1951141357422,138.5876922607422,147.52862548828125,244.1961212158203
2015-08-21,512.5903930664062,243.98377990722656,251.7095184326172,136.70993041992188,147.85336303710938,241.44326782226562
2015-08-24,470.3867492675781,234.27084350585938,229.17027282714844,128.68218994140625,132.31182861328125,221.4959716796875
2015-08-25,490.7811279296875,234.1329803466797,240.67333984375,127.0627212524414,133.75,228.6715850830078
2015-08-26,483.60894775390625,232.99496459960938,236.046630859375,124.63851928710938,132.12625122070312,221.76675415039062
2015-08-27,496.9287109375,234.97203063964844,239.781982421875,129.23858642578125,135.3737335205078,225.15145874023438
2015-08-28,495.8553161621094,236.31687927246094,240.84312438964844,128.65237426757812,132.91494750976562,224.70018005371094
2015-08-31,495.4649658203125,236.20196533203125,235.9193115234375,129.49685668945312,134.39950561523438,223.2560272216797
2015-09-01,468.48394775390625,229.91444396972656,230.01919555664062,121.95598602294922,125.07459259033203,215.80963134765625
2015-09-02,455.31060791015625,228.77645874023438,224.8406982421875,120.95250701904297,120.2033462524414,208.09249877929688
2015-09-03,475.1194152832031,232.2593231201172,226.53857421875,124.60870361328125,121.36316680908203,209.62689208984375
2015-09-04,456.6767272949219,228.98336791992188,218.813232421875,120.47563171386719,121.3167724609375,203.21847534179688
2015-09-07,438.96588134765625,226.31663513183594,211.46994018554688,119.35293579101562,118.6723861694336,199.56298828125
2015-09-08,462.4339599609375,230.822509765625,221.4025115966797,123.2773666381836,123.26526641845703,206.10679626464844
2015-09-09,474.4851379394531,233.63870239257812,224.5860137939453,126.11888122558594,125.86323547363281,209.0853271484375
2015-09-10,470.9234924316406,232.42025756835938,227.0054931640625,126.23810577392578,124.28590393066406,205.29444885253906
2015-09-11,469.60614013671875,232.3052978515625,227.13282775878906,125.433349609375,124.79621887207031,207.6863250732422
2015-09-14,484.1944274902344,234.42031860351562,231.25015258789062,128.3145751953125,127.30140686035156,212.3346710205078
2015-09-15,470.2403564453125,232.9145050048828,227.93934631347656,127.17202758789062,125.44570922851562,210.2135467529297
2015-09-16,482.2915954589844,235.2593994140625,231.6322021484375,127.37071990966797,126.65193176269531,213.73367309570312
2015-09-18,504.93023681640625,241.3285369873047,235.8768768310547,130.62950134277344,128.5540313720703,218.4271697998047
2015-09-21,515.2250366210938,242.064208984375,237.10781860351562,132.2291259765625,129.66744995117188,221.360595703125
2015-09-22,497.36785888671875,236.93763732910156,229.6796417236328,127.7085189819336,124.79621887207031,214.7716522216797
2015-09-23,499.31939697265625,241.20208740234375,232.056640625,130.87789916992188,125.86323547363281,216.4866180419922
2015-09-24,501.51495361328125,241.70787048339844,227.76951599121094,130.0433349609375,126.04881286621094,215.76451110839844
2015-09-28,494.4403381347656,240.5584259033203,227.5997314453125,127.39059448242188,125.12095642089844,216.1255645751953
2015-09-29,492.29364013671875,244.7884521484375,228.36376953125,129.45713806152344,125.3065414428711,218.33688354492188
2015-09-30,483.6576843261719,245.7079620361328,229.5098419189453,128.78155517578125,123.63639831542969,214.0496063232422
2015-10-01,484.24322509765625,245.443603515625,226.75082397460938,127.34092712402344,122.89411163330078,212.2444305419922
2015-10-05,500.8319091796875,252.5012969970703,238.50857543945312,129.76513671875,126.2807846069336,216.62196350097656
2015-10-06,494.14764404296875,249.65060424804688,240.03663635253906,130.30162048339844,126.93028259277344,216.71224975585938
2015-10-07,484.7798767089844,250.064453125,240.24887084960938,131.24549865722656,128.92514038085938,219.82618713378906
2015-10-08,479.6081848144531,248.99545288085938,236.38623046875,129.87442016601562,129.01795959472656,219.6005401611328
2015-10-09,478.58355712890625,249.69664001464844,242.8805694580078,131.0467987060547,128.18287658691406,219.7359161376953
2015-10-12,475.2657775878906,248.40928649902344,244.1539764404297,131.5535125732422,127.62619018554688,220.72877502441406
2015-10-13,479.02264404296875,247.4436492919922,244.02664184570312,130.36126708984375,126.79109954833984,220.05181884765625
2015-10-14,483.5113830566406,249.374755859375,240.1639862060547,129.72537231445312,125.77047729492188,220.45799255371094
2015-10-15,486.6339111328125,249.23680114746094,243.0928192138672,129.8446044921875,127.44060516357422,224.70018005371094
2015-10-16,492.781494140625,252.8921356201172,245.72451782226562,131.00704956054688,128.69320678710938,231.78550720214844
2015-10-19,494.3916015625,252.3748779296875,243.81443786621094,130.8182830810547,127.30140686035156,229.70956420898438
2015-10-20,497.0750732421875,251.70814514160156,242.96548461914062,129.96385192871094,128.22926330566406,230.02545166015625
2015-10-21,499.3681945800781,251.73110961914062,239.99423217773438,130.47055053710938,125.95604705810547,225.4673614501953
2015-10-23,512.9319458007812,254.83468627929688,243.00790405273438,132.1793975830078,126.00243377685547,228.71669006347656
2015-10-26,508.44305419921875,253.22544860839844,242.24388122558594,131.52369689941406,124.56425476074219,226.77615356445312
2015-10-27,509.1750793457031,255.3864288330078,240.84312438964844,131.23556518554688,124.65704345703125,224.5647735595703
2015-10-28,471.2162170410156,255.5243377685547,230.23141479492188,133.4213409423828,121.08480072021484,218.47230529785156
2015-10-29,457.6037292480469,253.6967315673828,230.44366455078125,131.9409637451172,119.5538558959961,213.8690643310547
2015-10-30,463.8976745605469,252.7886199951172,235.15525817871094,136.64036560058594,119.08992767333984,213.95932006835938
2015-11-02,466.6787414550781,248.99545288085938,237.320068359375,136.411865234375,120.11055755615234,213.82395935058594
2015-11-03,463.16583251953125,249.4092559814453,237.23516845703125,135.73626708984375,120.85284423828125,212.96649169921875
2015-11-04,461.06781005859375,248.67359924316406,232.056640625,133.6995391845703,121.64151763916016,215.71937561035156
2015-11-05,452.5782775878906,248.24832153320312,229.25515747070312,129.27828979492188,120.24974822998047,211.11614990234375
2015-11-06,453.8956604003906,248.4896697998047,226.75082397460938,130.45066833496094,123.31163787841797,219.32977294921875
2015-11-09,453.7005615234375,244.7884521484375,223.3975067138672,131.16600036621094,125.49211120605469,222.12777709960938
2015-11-10,457.01824951171875,242.44351196289062,223.10037231445312,128.53314208984375,124.10033416748047,217.70509338378906
2015-11-13,473.2166442871094,241.85731506347656,222.20901489257812,133.05372619628906,126.97666931152344,216.84762573242188
2015-11-16,469.80133056640625,243.90335083007812,226.87811279296875,134.9414520263672,130.03857421875,224.11349487304688
2015-11-17,464.0928039550781,243.8688507080078,227.3874969482422,134.553955078125,130.68807983398438,223.70730590820312
2015-11-18,452.3343505859375,241.06417846679688,221.10536193847656,133.6895751953125,126.3271713256836,217.52455139160156
2015-11-19,451.8464660644531,245.73095703125,226.1565399169922,135.5375518798828,129.1107177734375,220.14208984375
2015-11-20,448.72393798828125,246.17926025390625,224.9255828857422,135.57728576660156,129.43548583984375,219.2846221923828
2015-11-23,451.5049743652344,245.07579040527344,225.77452087402344,135.93496704101562,128.78599548339844,219.05897521972656
2015-11-24,452.6271057128906,244.6849365234375,223.56727600097656,134.6433868408203,128.043701171875,217.88560485839844
2015-11-26,454.0420227050781,244.59303283691406,224.1190948486328,136.15354919433594,129.85301208496094,218.8784637451172
2015-11-27,459.60418701171875,248.14483642578125,229.25515747070312,138.8460235595703,133.88917541503906,225.37710571289062
2015-11-30,457.3109130859375,247.76553344726562,232.2264404296875,137.57427978515625,133.98194885253906,224.42938232421875
2015-12-01,450.43157958984375,248.97242736816406,232.5235595703125,136.8291473388672,133.4252471923828,225.8284149169922
2015-12-02,448.38238525390625,247.77703857421875,229.55227661132812,135.20970153808594,129.52825927734375,220.77389526367188
2015-12-03,451.3097839355469,247.53564453125,225.64720153808594,134.08700561523438,126.51274871826172,217.61483764648438
2015-12-04,449.3581848144531,243.43206787109375,221.9542999267578,132.0701141357422,124.79621887207031,217.61483764648438
2015-12-07,451.1146240234375,244.13320922851562,223.31260681152344,133.45114135742188,124.239501953125,215.40347290039062
2015-12-08,447.69927978515625,241.213623046875,221.9542999267578,133.9280242919922,122.3837890625,212.96649169921875
2015-12-09,439.69775390625,240.7998046875,220.2564239501953,132.85501098632812,120.94563293457031,211.56744384765625
2015-12-10,439.0634460449219,243.8228759765625,219.8319549560547,134.7030029296875,119.73941802978516,209.35610961914062
2015-12-11,429.9884033203125,240.54689025878906,211.63975524902344,132.67617797851562,114.12591552734375,205.15908813476562
2015-12-14,420.91351318359375,242.54698181152344,211.38504028320312,133.9479217529297,115.7032470703125,203.94056701660156
2015-12-15,425.54852294921875,243.55853271484375,209.17784118652344,136.43174743652344,112.78052520751953,204.34674072265625
2015-12-16,427.5489501953125,245.36314392089844,213.97433471679688,138.00152587890625,112.13102722167969,205.15908813476562
2015-12-17,425.0118408203125,248.3402557373047,214.90814208984375,139.73025512695312,113.6619873046875,208.4084014892578
2015-12-18,422.0844421386719,246.6735076904297,212.31887817382812,139.58123779296875,113.19806671142578,204.43698120117188
2015-12-21,431.6473083496094,247.22528076171875,219.1952667236328,140.26673889160156,113.7083740234375,208.0022430419922
2015-12-22,435.89208984375,245.167724609375,220.34133911132812,138.7367401123047,111.9454574584961,206.10679626464844
2015-12-23,441.0638122558594,246.92636108398438,222.2938995361328,139.60110473632812,112.5485610961914,207.2801513671875
2015-12-24,439.8440856933594,246.90342712402344,218.98301696777344,139.36265563964844,111.43513488769531,206.06167602539062
2015-12-28,444.332763671875,247.65060424804688,224.16156005859375,140.6840362548828,111.7598876953125,206.60321044921875
2015-12-29,447.26019287109375,247.81146240234375,224.75582885742188,140.32638549804688,111.34235382080078,205.9713897705078
2015-12-30,444.0888671875,246.97242736816406,222.71836853027344,140.91258239746094,109.30107879638672,203.80519104003906
2015-12-31,438.2340393066406,248.7770538330078,221.86941528320312,143.0784454345703,107.35257720947266,202.58668518066406
2016-01-01,439.0146484375,250.2943115234375,223.27015686035156,144.5091552734375,109.1155014038086,205.61036682128906
2016-01-04,427.7929382324219,246.09881591796875,216.94558715820312,140.14752197265625,104.66180419921875,199.2019805908203
2016-01-05,425.8901062011719,244.23667907714844,217.92184448242188,140.63438415527344,102.62052917480469,196.53932189941406
2016-01-06,420.2792053222656,245.31715393066406,212.31887817382812,139.80975341796875,101.69268798828125,195.72698974609375
2016-01-07,399.3481750488281,242.8113555908203,209.4749755859375,137.4351806640625,97.470947265625,189.13809204101562
2016-01-08,403.6905212402344,244.2252197265625,208.03175354003906,138.12075805664062,97.51734161376953,188.59649658203125
2016-01-11,407.1058349609375,243.3630828857422,203.27772521972656,139.26329040527344,95.47606658935547,184.3994598388672
2016-01-12,396.2744140625,240.68484497070312,200.985595703125,137.50474548339844,92.46054077148438,179.9767608642578
2016-01-13,396.85986328125,243.71945190429688,203.32017517089844,136.93841552734375,90.9295883178711,181.33065795898438
2016-01-14,381.1494140625,241.3285369873047,200.1366424560547,135.93496704101562,90.74401092529297,176.9530792236328
2016-01-15,365.1949768066406,239.58135986328125,190.54368591308594,134.24594116210938,85.54804229736328,166.34762573242188
2016-01-18,364.1704406738281,235.83413696289062,189.39759826660156,132.61659240722656,84.29544067382812,163.36907958984375
2016-01-19,383.4913635253906,238.12159729003906,194.19410705566406,132.87489318847656,85.77999877929688,165.12911987304688
2016-01-20,378.22198486328125,234.09844970703125,190.501220703125,131.67271423339844,80.95516967773438,156.73500061035156
2016-01-21,399.2505798339844,235.17892456054688,192.1142120361328,131.31504821777344,82.20777130126953,158.49508666992188
2016-01-22,413.88763427734375,236.85714721679688,197.58985900878906,135.72633361816406,85.8263931274414,166.61842346191406
2016-01-25,410.6675720214844,239.35150146484375,200.39134216308594,135.3189697265625,85.2232894897461,165.12911987304688
2016-01-27,405.349365234375,238.08709716796875,201.45248413085938,134.04725646972656,86.98621368408203,166.43788146972656
2016-01-28,395.83526611328125,237.17898559570312,197.97186279296875,131.7919158935547,84.80575561523438,167.20510864257812
2016-01-29,398.518798828125,241.35154724121094,195.38258361816406,135.8356170654297,84.71297454833984,162.376220703125
2016-02-01,389.6388854980469,243.6274871826172,184.38890075683594,136.6503143310547,83.55315399169922,155.92269897460938
2016-02-02,381.442138671875,242.25962829589844,178.6161346435547,134.553955078125,83.04283905029297,152.89901733398438
2016-02-03,371.34259033203125,239.97218322753906,173.22540283203125,132.24896240234375,82.81087493896484,149.87533569335938
2016-02-04,373.4893798828125,241.20208740234375,173.1405029296875,134.37513732910156,84.34182739257812,146.98704528808594
2016-02-05,389.8828430175781,242.59295654296875,177.76719665527344,137.50474548339844,87.86766815185547,151.81588745117188
2016-02-08,398.6651306152344,238.133056640625,177.04559326171875,133.7491912841797,87.49653625488281,155.38113403320312
2016-02-09,390.2243957519531,235.880126953125,177.76719665527344,134.5341033935547,81.41909790039062,150.7779083251953
2016-02-10,384.0768127441406,232.86856079101562,175.94195556640625,132.60662841796875,74.18183898925781,143.5120391845703
2016-02-11,368.0736389160156,224.21311950683594,169.15049743652344,124.97631072998047,71.4910659790039,139.22476196289062
2016-02-12,381.6373291015625,223.31655883789062,164.31153869628906,123.59530639648438,68.33637237548828,139.72117614746094
2016-02-15,407.544921875,223.8223114013672,172.7584686279297,124.24109649658203,70.98075103759766,151.49998474121094
2016-02-16,395.9816589355469,223.787841796875,166.9008026123047,123.24758911132812,67.26934051513672,141.16531372070312
2016-02-17,393.34698486328125,224.12120056152344,161.93453979492188,124.25104522705078,67.40851593017578,143.4669189453125
2016-02-18,388.41912841796875,227.4661102294922,166.518798828125,126.28777313232422,67.22293853759766,144.23411560058594
2016-02-19,383.00341796875,227.43161010742188,168.7684326171875,125.42340087890625,70.656005859375,148.65682983398438
2016-02-22,387.5408935546875,227.30517578125,168.47134399414062,127.2117691040039,70.09928894042969,148.88247680664062
2016-02-23,375.8312683105469,223.0061798095703,162.99569702148438,123.79401397705078,67.45490264892578,143.06076049804688
2016-02-24,377.29498291015625,218.30491638183594,158.75100708007812,122.94950866699219,66.99097442626953,141.0750732421875
2016-02-25,369.0494079589844,216.7071990966797,155.35528564453125,120.58489990234375,66.57344818115234,137.01341247558594
2016-02-26,377.0022277832031,220.92568969726562,156.88336181640625,122.35340118408203,67.26934051513672,140.71401977539062
2016-02-29,366.65869140625,223.42001342773438,161.3402862548828,125.26445007324219,65.8775634765625,143.28640747070312
2016-03-01,382.51556396484375,226.24766540527344,173.98941040039062,126.864013671875,68.33637237548828,146.26498413085938
2016-03-02,397.39654541015625,231.54666137695312,186.76596069335938,130.41091918945312,72.97563171386719,163.5044708251953
2016-03-03,407.0570068359375,233.53518676757812,185.0680389404297,130.67918395996094,73.30038452148438,164.9486083984375
2016-03-04,405.9836120605469,234.61570739746094,187.19039916992188,132.2688446044922,77.01178741455078,170.0482635498047
2016-03-08,401.7877197265625,233.14442443847656,184.09178161621094,129.2683868408203,75.6200180053711,165.49017333984375
2016-03-09,406.7643127441406,235.59278869628906,183.6673126220703,131.12628173828125,76.73343658447266,165.53530883789062
2016-03-10,403.0074157714844,234.77664184570312,182.94569396972656,130.07315063476562,75.89836883544922,162.91778564453125
2016-03-11,402.812255859375,236.4893035888672,181.5449676513672,127.69860076904297,75.94475555419922,162.55674743652344
2016-03-14,405.39813232421875,236.2249755859375,188.16665649414062,126.53617095947266,76.36228942871094,164.04600524902344
2016-03-15,408.71588134765625,236.02957153320312,187.9119873046875,127.07267761230469,77.29014587402344,167.25022888183594
2016-03-16,414.3268127441406,236.89163208007812,192.1990966796875,129.40748596191406,76.77983093261719,167.1599578857422
2016-03-17,417.7908935546875,234.12147521972656,193.34515380859375,129.40748596191406,76.77983093261719,168.19793701171875
2016-03-18,425.54852294921875,236.42034912109375,195.42506408691406,130.90768432617188,78.21800231933594,172.62063598632812
2016-03-21,433.74530029296875,240.37449645996094,199.37258911132812,131.88137817382812,80.16649627685547,177.63003540039062
2016-03-22,430.5739440917969,242.2711181640625,198.3114471435547,132.3979949951172,79.74895477294922,178.26182556152344
2016-03-23,426.9146728515625,241.23655700683594,198.82083129882812,131.1361846923828,78.58914184570312,177.4495086669922
2016-03-28,412.66790771484375,240.811279296875,191.39259338378906,133.05372619628906,76.22311401367188,169.95799255371094
2016-03-29,419.0594482421875,242.25962829589844,189.65228271484375,133.43125915527344,76.03754425048828,171.0410919189453
2016-03-30,433.5013427734375,244.82290649414062,201.62228393554688,135.8852996826172,79.37781524658203,178.3069610595703
2016-03-31,433.40374755859375,246.24827575683594,200.90069580078125,135.2494354248047,78.58914184570312,175.3284149169922
2016-04-01,439.0146484375,244.70791625976562,202.30145263671875,135.10040283203125,81.32630157470703,176.59202575683594
2016-04-04,433.9892272949219,245.76544189453125,202.6834716796875,136.57083129882812,80.58402252197266,175.73455810546875
2016-04-05,422.13323974609375,243.09869384765625,191.5199432373047,132.8848114013672,76.82621765136719,166.3927764892578
2016-04-06,414.3756103515625,244.02980041503906,188.9307098388672,132.73580932617188,75.4808349609375,165.9414520263672
2016-04-07,416.3271789550781,242.65045166015625,187.02059936523438,131.6428985595703,75.15608978271484,164.22653198242188
2016-04-08,411.3993835449219,243.53550720214844,187.8271026611328,132.209228515625,75.6200180053711,165.2645263671875
2016-04-11,419.4009704589844,246.2022247314453,190.7559051513672,133.3915252685547,77.05818939208984,169.9128875732422
2016-04-12,423.5481262207031,244.37460327148438,194.19410705566406,134.59368896484375,77.4293212890625,169.50669860839844
2016-04-13,429.84210205078125,248.68508911132812,204.29644775390625,137.57427978515625,78.49635314941406,173.2073211669922
2016-04-18,434.4771423339844,250.07594299316406,201.32516479492188,135.7859344482422,76.54785919189453,168.55899047851562
2016-04-20,447.9920654296875,252.38636779785156,202.08920288085938,136.541015625,78.21800231933594,169.05538940429688
2016-04-21,456.6279296875,250.84603881835938,214.8232421875,136.45159912109375,82.20777130126953,175.41868591308594
2016-04-22,464.33685302734375,251.0759735107422,213.93185424804688,134.3453369140625,83.59954833984375,180.65370178222656
2016-04-25,458.5307312011719,251.32884216308594,214.73834228515625,135.20970153808594,82.76447296142578,177.85568237304688
2016-04-26,468.58154296875,256.0645751953125,215.67218017578125,139.26329040527344,83.64594268798828,181.3757781982422
2016-04-27,454.2371520996094,258.4440002441406,207.6497344970703,141.57821655273438,83.59954833984375,177.04335021972656
2016-04-28,456.7254943847656,256.0875244140625,203.8295440673828,139.3825225830078,81.83663177490234,173.34271240234375
2016-04-29,460.97027587890625,260.3175964355469,201.15538024902344,142.50221252441406,80.67680358886719,170.5897979736328
2016-05-02,460.3847351074219,256.9381408691406,192.49623107910156,142.71084594726562,78.07882690429688,167.88201904296875
2016-05-03,459.1650085449219,257.0186767578125,187.69973754882812,140.57476806640625,76.91900634765625,166.1219940185547
2016-05-04,451.2610168457031,259.1681213378906,182.05430603027344,141.60801696777344,75.38805389404297,162.4213409423828
2016-05-05,449.8948669433594,260.3060607910156,182.22410583496094,140.91258239746094,75.57361602783203,162.78237915039062
2016-05-06,450.28521728515625,257.39794921875,185.57740783691406,139.68060302734375,74.87773132324219,166.3927764892578
2016-05-09,465.5565490722656,262.39813232421875,191.26527404785156,141.84646606445312,76.77983093261719,170.31903076171875
2016-05-10,476.14404296875,263.2027587890625,191.43504333496094,143.6348419189453,76.5942611694336,171.0410919189453
2016-05-11,486.14605712890625,261.8004150390625,190.11923217773438,145.3635711669922,73.76431274414062,166.97946166992188
2016-05-12,480.6327209472656,264.1682434082031,196.78335571289062,144.40977478027344,73.62512969970703,170.13851928710938
2016-05-13,478.7786865234375,262.28314208984375,192.28399658203125,140.7337188720703,72.00138854980469,166.84405517578125
2016-05-16,474.6803283691406,267.3177795410156,189.9494171142578,142.72076416015625,69.54257202148438,159.57818603515625
2016-05-17,491.1714172363281,265.16827392578125,191.8170623779297,140.8628692626953,68.42915344238281,159.6233367919922
2016-05-18,488.97589111328125,262.2256774902344,192.2415313720703,140.8628692626953,70.70238494873047,162.4213409423828
2016-05-19,478.6322937011719,261.9153137207031,191.4774932861328,140.2965545654297,68.70751190185547,155.87753295898438
2016-05-20,478.72991943359375,262.28314208984375,186.85084533691406,139.52159118652344,68.05801391601562,154.65904235839844
2016-05-23,474.7291564941406,261.3291015625,187.69973754882812,139.7203369140625,67.0373764038086,151.9964141845703
2016-05-24,477.119873046875,262.06475830078125,190.62857055664062,138.7764892578125,66.66622924804688,152.98927307128906
2016-05-25,490.0004577636719,269.73162841796875,199.4999542236328,141.6279296875,68.66112518310547,158.04380798339844
2016-05-26,506.4427795410156,272.0190734863281,204.72091674804688,145.09532165527344,69.17143249511719,166.2122344970703
2016-05-27,500.00250244140625,272.835205078125,206.41880798339844,147.54934692382812,71.07353210449219,176.81768798828125
2016-05-30,501.27099609375,271.2144470214844,207.56484985351562,147.55926513671875,71.63023376464844,179.48033142089844
2016-05-31,502.7347412109375,271.708740234375,207.6921844482422,148.34417724609375,73.30038452148438,184.98614501953125
2016-06-01,499.5633544921875,270.1569519042969,203.7870635986328,148.10574340820312,71.16631317138672,178.9387664794922
2016-06-02,511.6632995605469,270.1109924316406,204.8907012939453,148.29446411132812,71.8622055053711,181.01473999023438
2016-06-03,529.5206298828125,269.3753356933594,206.92813110351562,152.86476135253906,70.656005859375,179.7802276611328
2016-06-06,519.9575805664062,269.2257995605469,206.7159423828125,152.05996704101562,71.44467163085938,181.88343811035156
2016-06-07,521.47021484375,269.8235778808594,215.71461486816406,153.41119384765625,72.04777526855469,192.17100524902344
2016-06-08,525.9588623046875,267.2718200683594,218.7283477783203,150.88763427734375,74.87773132324219,192.67391967773438
2016-06-09,529.4717407226562,266.5361633300781,216.09664916992188,149.576171875,76.36228942871094,191.9881134033203
2016-06-10,527.959228515625,266.9844055175781,214.44122314453125,149.1688232421875,78.12521362304688,188.330322265625
2016-06-13,518.2988891601562,265.0418701171875,206.92813110351562,150.2020721435547,77.01178741455078,184.5353546142578
2016-06-14,516.8351440429688,264.8005065917969,207.94688415527344,149.447021484375,83.41397094726562,189.93060302734375
2016-06-15,516.0057373046875,268.8695373535156,210.49368286132812,152.11959838867188,83.50676727294922,197.56625366210938
2016-06-16,510.7850646972656,267.1683654785156,207.11468505859375,149.91397094726562,85.91918182373047,197.52052307128906
2016-06-17,514.151611328125,268.9729309082031,206.5948486328125,149.24830627441406,87.77488708496094,195.1886749267578
2016-06-20,509.80926513671875,269.44427490234375,206.2916259765625,149.41720581054688,89.53780364990234,197.42904663085938
2016-06-21,504.8814697265625,268.2029113769531,206.0749969482422,148.38392639160156,90.0017318725586,195.69161987304688
2016-06-22,503.7104797363281,269.31781005859375,207.07135009765625,146.91346740722656,90.0017318725586,194.6857147216797
2016-06-23,513.663818359375,273.59381103515625,208.717529296875,148.48326110839844,92.08940887451172,198.93792724609375
2016-06-24,498.1484375,267.11090087890625,200.0968017578125,145.83055114746094,95.01213836669922,193.17689514160156
2016-06-27,502.0029296875,266.66253662109375,201.61300659179688,146.92344665527344,96.82145690917969,198.57211303710938
2016-06-28,501.563720703125,268.2718811035156,202.00291442871094,147.69839477539062,96.77506256103516,197.42904663085938
2016-06-29,505.3205871582031,270.78662109375,205.0353240966797,149.58607482910156,96.86783599853516,198.61785888671875
2016-06-30,520.5919189453125,272.67559814453125,208.414306640625,151.6824493408203,98.25962829589844,200.08096313476562
2016-07-01,529.7645263671875,272.2236633300781,208.24102783203125,149.70529174804688,97.65652465820312,200.81251525878906
2016-07-04,530.6914672851562,271.82965087890625,214.99899291992188,147.82752990722656,104.52263641357422,203.921630859375
2016-07-05,526.6419677734375,270.16082763671875,212.35646057128906,147.12213134765625,105.72883605957031,204.3788604736328
2016-07-07,534.0781860351562,274.8079528808594,212.13986206054688,148.21499633789062,108.41961669921875,201.22401428222656
2016-07-08,538.21484375,272.3047790527344,209.6272735595703,147.72821044921875,109.1155014038086,199.6237335205078
2016-07-11,536.1957397460938,278.0760803222656,216.47189331054688,151.12606811523438,118.11568450927734,205.47618103027344
2016-07-12,552.5455932617188,278.6323547363281,226.7388153076172,151.7420196533203,117.14143371582031,207.3050994873047
2016-07-13,548.4580688476562,277.6124572753906,226.26229858398438,153.9973602294922,116.02801513671875,208.2195281982422
2016-07-14,551.806884765625,278.21502685546875,232.71705627441406,155.13070678710938,123.35804748535156,212.1516571044922
2016-07-15,556.5345458984375,283.6271057128906,230.24778747558594,153.53009033203125,126.1416015625,211.69442749023438
2016-07-18,562.3948364257812,284.4963073730469,228.2117156982422,154.45468139648438,122.66215515136719,209.17970275878906
2016-07-19,556.9285278320312,282.3871154785156,233.1935577392578,154.65350341796875,121.68789672851562,209.95700073242188
2016-07-20,549.8370361328125,285.5972595214844,231.7639923095703,155.5283966064453,120.06416320800781,211.37437438964844
2016-07-21,529.9414672851562,284.7628479003906,226.91207885742188,151.2434844970703,114.72901153564453,206.34490966796875
2016-07-22,529.5967407226562,285.2727966308594,228.25503540039062,151.1241912841797,111.52791595458984,204.3788604736328
2016-07-25,529.99072265625,289.0159606933594,232.7603302001953,151.9891357421875,120.80645751953125,210.23130798339844
2016-07-26,545.4540405273438,287.12701416015625,226.6954803466797,149.46392822265625,119.97138977050781,207.3050994873047
2016-07-27,540.5786743164062,286.6981506347656,234.4498748779297,149.9212646484375,123.21887969970703,209.63693237304688
2016-07-28,535.6541137695312,289.3636474609375,235.66282653808594,149.19554138183594,119.6466293334961,211.23721313476562
2016-07-29,537.91943359375,288.84210205078125,227.77850341796875,151.8101806640625,114.4506607055664,209.77410888671875
2016-08-01,542.2531127929688,287.938232421875,216.1686248779297,149.75225830078125,113.43002319335938,207.853759765625
2016-08-02,541.36669921875,288.16998291015625,212.52975463867188,151.13414001464844,113.84754943847656,208.5395965576172
2016-08-03,541.0711059570312,287.5093688964844,209.75723266601562,150.3586883544922,112.82691192626953,207.2593536376953
2016-08-04,539.2490844726562,287.6369323730469,208.24102783203125,150.39846801757812,113.61558532714844,206.34490966796875
2016-08-05,558.7014770507812,289.549072265625,213.0928955078125,153.96755981445312,114.58984375,212.83749389648438
2016-08-08,562.542724609375,289.63018798828125,212.48643493652344,153.40086364746094,114.03312683105469,213.29470825195312
2016-08-09,565.4481201171875,289.0739440917969,212.57305908203125,152.05870056152344,114.86819458007812,215.0321807861328
2016-08-10,559.3416137695312,284.36883544921875,207.37461853027344,151.36280822753906,111.0639877319336,211.69442749023438
2016-08-11,561.1636962890625,284.6817321777344,210.27708435058594,152.03883361816406,107.86290740966797,207.71656799316406
2016-08-12,582.093505859375,284.7860107421875,213.0928955078125,151.69088745117188,114.03312683105469,222.48492431640625
2016-08-16,574.5095825195312,284.4615173339844,215.34556579589844,153.65936279296875,113.75476837158203,225.63973999023438
2016-08-17,580.6160888671875,286.2230529785156,214.5225067138672,152.23770141601562,115.98161315917969,225.18252563476562
2016-08-18,584.2111206054688,290.3023681640625,219.11444091796875,155.9658203125,117.46617889404297,227.14859008789062
2016-08-19,579.680419921875,289.0507507324219,219.98085021972656,154.84242248535156,118.99713134765625,236.38449096679688
2016-08-22,571.5055541992188,289.79241943359375,218.55126953125,153.66928100585938,118.25485229492188,233.00106811523438
2016-08-23,573.7216186523438,290.0589294433594,216.775146484375,154.7628936767578,117.69815063476562,232.955322265625
2016-08-24,574.6080322265625,292.4579162597656,215.25892639160156,154.49444580078125,117.23422241210938,232.63525390625
2016-08-25,577.7105102539062,291.7046203613281,213.95928955078125,155.24008178710938,116.6775131225586,228.7488555908203
2016-08-26,577.5628662109375,291.3685302734375,212.52975463867188,155.25001525878906,113.98673248291016,225.50257873535156
2016-08-29,580.2713012695312,286.96478271484375,217.03504943847656,155.36932373046875,114.26508331298828,227.7429962158203
2016-08-30,582.2412719726562,294.0455322265625,222.01690673828125,156.31378173828125,117.88372039794922,230.66920471191406
2016-08-31,587.855224609375,299.2721252441406,223.5331268310547,160.43960571289062,118.34764862060547,230.89781188964844
2016-09-01,587.6583251953125,297.5337829589844,226.08900451660156,161.19517517089844,116.6775131225586,230.4405975341797
2016-09-02,590.169921875,297.85833740234375,226.3922576904297,161.77178955078125,117.04864501953125,232.8181610107422
2016-09-06,626.3168334960938,301.404541015625,236.26930236816406,162.6566162109375,123.1260757446289,237.84759521484375
2016-09-07,615.6795654296875,298.2407531738281,240.99122619628906,159.8828887939453,129.15711975097656,243.97439575195312
2016-09-08,619.8655395507812,298.85491943359375,239.4316864013672,162.99462890625,132.31182861328125,245.39181518554688
2016-09-09,603.8604125976562,299.08673095703125,237.48226928710938,162.81568908691406,134.39950561523438,241.50538635253906
2016-09-12,583.1768188476562,296.653076171875,232.37045288085938,161.712158203125,127.30140686035156,231.1264190673828
2016-09-14,592.730712890625,294.23095703125,235.186279296875,160.25074768066406,131.66233825683594,235.51576232910156
2016-09-15,579.8773193359375,296.58355712890625,234.4498748779297,160.7776336669922,128.73959350585938,234.098388671875
2016-09-16,593.1246948242188,300.8135070800781,231.63400268554688,160.3799591064453,127.90452575683594,232.54383850097656
2016-09-19,585.3929443359375,299.0288391113281,235.3162384033203,159.63433837890625,128.4148406982422,233.77833557128906
2016-09-20,584.0140380859375,298.634765625,235.7494354248047,157.6260986328125,127.57978820800781,232.6809844970703
2016-09-21,589.8743896484375,299.6893615722656,233.84335327148438,156.7611846923828,125.95604705810547,229.66331481933594
2016-09-22,582.8814697265625,302.9111328125,238.69525146484375,158.1033172607422,130.96641540527344,235.83583068847656
2016-09-23,549.049072265625,304.2554016113281,235.0129852294922,158.30215454101562,129.2499237060547,232.77243041992188
2016-09-26,539.1505737304688,300.41949462890625,227.4752655029297,156.63192749023438,130.03857421875,230.1205291748047
2016-09-27,532.8469848632812,300.85992431640625,225.26593017578125,155.97576904296875,129.62106323242188,227.697265625
2016-09-28,540.8248901367188,300.21087646484375,225.91574096679688,155.5482940673828,135.93045043945312,232.04086303710938
2016-09-29,531.172607421875,296.0968322753906,216.9051055908203,153.61959838867188,126.74470520019531,226.09695434570312
2016-09-30,533.191650390625,295.0190734863281,218.46461486816406,154.49444580078125,130.5489044189453,229.7547607421875
2016-10-03,542.5978393554688,298.3450622558594,221.93026733398438,156.69158935546875,133.00770568847656,233.45826721191406
2016-10-04,538.3626098632812,298.8897399902344,223.70639038085938,157.41732788085938,135.1881561279297,237.52755737304688
2016-10-05,527.6268310546875,298.09014892578125,221.3237762451172,155.51844787597656,133.88917541503906,238.53346252441406
2016-10-06,522.8007202148438,297.1282043457031,217.6848602294922,155.68746948242188,131.70872497558594,234.82992553710938
2016-10-07,525.8047485351562,296.8152770996094,217.12167358398438,155.6178741455078,133.23968505859375,236.56741333007812
2016-10-10,523.5394287109375,297.6844787597656,216.6884765625,155.13070678710938,134.0283660888672,234.6470489501953
2016-10-13,510.9815673828125,292.6781005859375,208.93414306640625,153.56988525390625,127.99732208251953,228.29164123535156
2016-10-14,512.8037109375,292.4579162597656,209.4539794921875,155.4389190673828,128.92514038085938,230.53204345703125
2016-10-17,511.1784973144531,286.87200927734375,224.18292236328125,152.95350646972656,126.79109954833984,231.53794860839844
2016-10-18,524.4258422851562,291.5423278808594,234.23324584960938,154.48452758789062,130.64169311523438,234.92137145996094
2016-10-19,527.4791259765625,291.65826416015625,229.64126586914062,153.89796447753906,130.73446655273438,233.54969787597656
2016-10-20,531.9112548828125,290.9977111816406,240.5146942138672,153.56988525390625,135.3273468017578,237.93905639648438
2016-10-21,518.1714477539062,294.5207214355469,240.3414306640625,155.3892059326172,136.9047088623047,236.38449096679688
2016-10-24,513.6900634765625,292.8635559082031,246.5362091064453,156.5524139404297,136.44078063964844,240.45379638671875
2016-10-25,521.126220703125,289.79241943359375,250.60833740234375,156.39332580566406,135.74488830566406,239.08213806152344
2016-10-26,480.2024841308594,287.242919921875,241.20782470703125,161.35426330566406,133.61082458496094,236.61312866210938
2016-10-27,478.33111572265625,290.20965576171875,246.31964111328125,160.3799591064453,131.56954956054688,233.54969787597656
2016-10-28,479.5622863769531,291.8205261230469,239.8648681640625,162.9150848388672,133.56442260742188,235.92724609375
2016-11-01,468.6295166015625,291.99432373046875,238.56527709960938,160.1711883544922,133.5180206298828,236.79600524902344
2016-11-02,469.614501953125,288.83056640625,235.576171875,159.86300659179688,126.8375015258789,229.5718536376953
2016-11-03,468.6788330078125,290.8702392578125,233.71340942382812,160.26065063476562,123.54360961914062,224.63385009765625
2016-11-04,471.48583984375,288.26263427734375,233.75672912597656,158.998046875,122.15182495117188,222.07342529296875
2016-11-07,478.08489990234375,289.59539794921875,241.46775817871094,159.43548583984375,130.3169403076172,231.0806884765625
2016-11-08,483.4527893066406,290.7195129394531,245.36656188964844,161.41390991210938,130.4561309814453,231.0349884033203
2016-11-09,480.2024841308594,290.01263427734375,243.85035705566406,163.46188354492188,131.94068908691406,237.7561798095703
2016-11-10,499.3101501464844,296.3402099609375,253.5107879638672,162.89524841308594,147.80697631835938,257.2338562011719
2016-11-11,491.23370361328125,295.7027893066406,239.4750213623047,162.1694793701172,144.46670532226562,249.64395141601562
2016-11-15,472.0768127441406,290.8238525390625,233.71340942382812,156.98983764648438,143.53884887695312,254.39910888671875
2016-11-16,465.5762939453125,288.4134216308594,230.6376495361328,153.2119598388672,138.0645294189453,253.48463439941406
2016-11-17,466.9552001953125,285.13372802734375,231.89395141601562,154.3453369140625,136.9510955810547,253.71327209472656
2016-11-18,466.3149719238281,280.7762756347656,229.25140380859375,154.94186401367188,138.94598388671875,252.20445251464844
2016-11-21,458.6817932128906,277.8326416015625,226.3056182861328,151.65110778808594,126.60552215576172,235.33290100097656
2016-11-22,463.6556701660156,277.6820068359375,227.605224609375,153.02308654785156,127.48697662353516,235.33290100097656
2016-11-23,473.2587585449219,274.599365234375,229.5546417236328,152.3370819091797,127.57978820800781,236.52163696289062
2016-11-24,461.14410400390625,270.13763427734375,224.659423828125,147.55514526367188,127.90452575683594,239.35646057128906
2016-11-25,464.0989074707031,275.65399169921875,225.3525390625,149.5533905029297,130.1777801513672,238.62490844726562
2016-11-28,465.77325439453125,274.52984619140625,221.19381713867188,149.15574645996094,127.2086410522461,231.8579864501953
2016-11-29,457.6476135253906,273.2087707519531,221.3237762451172,148.21128845214844,126.2807846069336,231.0806884765625
2016-11-30,462.7692565917969,278.0413513183594,230.07449340820312,150.20956420898438,128.18287658691406,236.24732971191406
2016-12-01,459.0265197753906,277.49664306640625,224.5294647216797,148.12181091308594,126.51274871826172,233.77833557128906
2016-12-02,453.0184631347656,275.60760498046875,224.83270263671875,143.86676025390625,124.3322982788086,232.36094665527344
2016-12-05,453.8063659667969,277.28802490234375,226.00238037109375,145.10946655273438,125.86323547363281,234.92137145996094
2016-12-06,449.0787353515625,276.84759521484375,226.13232421875,145.94456481933594,124.3786849975586,236.9331817626953
2016-12-07,440.3620910644531,273.8692932128906,224.1396026611328,146.01416015625,121.91986846923828,233.7325897216797
2016-12-08,442.5782165527344,278.01812744140625,227.64854431152344,148.85748291015625,123.49723052978516,237.6647186279297
2016-12-09,449.52191162109375,277.7399597167969,232.5870819091797,148.1814727783203,125.44570922851562,243.8372344970703
2016-12-12,438.39227294921875,274.52984619140625,229.46800231933594,145.1194305419922,121.40957641601562,241.09390258789062
2016-12-13,446.12396240234375,274.9470520019531,229.078125,145.338134765625,120.06416320800781,243.38002014160156
2016-12-14,460.15924072265625,272.5017395019531,225.742431640625,144.7117919921875,117.93010711669922,240.40806579589844
2016-12-15,470.8948974609375,272.71038818359375,225.5258331298828,144.10536193847656,117.18782043457031,242.6941680908203
2016-12-16,465.67474365234375,274.03155517578125,221.45375061035156,142.98196411132812,116.21358489990234,242.09979248046875
2016-12-19,460.55316162109375,272.7451477050781,222.7533416748047,143.09130859375,115.37850952148438,238.99066162109375
2016-12-20,454.69281005859375,273.9388122558594,217.98812866210938,142.8328094482422,112.68772888183594,232.77243041992188
2016-12-21,450.8023986816406,273.49847412109375,219.4176788330078,143.1211395263672,111.85267639160156,233.50399780273438
2016-12-22,440.8052978515625,271.89910888671875,219.15774536132812,141.79888916015625,110.78562927246094,228.42880249023438
2016-12-23,431.49774169921875,274.9470520019531,218.20469665527344,141.5205078125,111.34235382080078,227.8343963623047
2016-12-26,425.4896240234375,272.3395080566406,214.99899291992188,141.38131713867188,106.74947357177734,223.3079071044922
2016-12-27,431.0545349121094,274.7036437988281,219.67758178710938,141.6000518798828,107.63094329833984,227.46864318847656
2016-12-28,433.4183044433594,275.0628967285156,218.1180419921875,141.77899169921875,105.72883605957031,226.55419921875
2016-12-29,437.5550231933594,279.3392028808594,217.55491638183594,141.8485565185547,104.98656463623047,226.4627227783203
2016-12-30,443.1691589355469,279.57098388671875,221.19381713867188,143.10122680664062,107.12061309814453,228.79458618164062
2017-01-02,441.0022888183594,277.46185302734375,218.29135131835938,142.126953125,107.25980377197266,222.7592315673828
2017-01-03,448.3892517089844,275.7930603027344,220.4140167236328,141.5205078125,109.53304290771484,223.94801330566406
2017-01-04,446.2716979980469,274.7732238769531,217.55491638183594,138.30931091308594,106.93505096435547,222.11912536621094
2017-01-05,451.1470642089844,274.9354553222656,222.88330078125,138.9754180908203,109.16189575195312,224.35952758789062
2017-01-06,448.34002685546875,276.6622314453125,223.6630859375,142.53456115722656,110.46089172363281,224.8624725341797
2017-01-09,445.92694091796875,277.0214538574219,224.1396026611328,141.02342224121094,111.11039733886719,225.91409301757812
2017-01-10,440.6083068847656,281.46002197265625,225.43919372558594,141.69943237304688,110.78562927246094,227.05712890625
2017-01-11,446.76416015625,286.0144958496094,229.3380584716797,144.83108520507812,114.68262481689453,230.5777587890625
2017-01-12,448.34002685546875,286.2462158203125,232.5004425048828,144.74159240722656,116.90946960449219,229.7547607421875
2017-01-13,465.67474365234375,285.6668395996094,232.2405242919922,144.7018585205078,116.07440185546875,229.43470764160156
2017-01-16,470.0577087402344,289.1781921386719,233.3235321044922,145.38784790039062,119.41466522216797,233.86978149414062
2017-01-17,479.8577575683594,287.0574951171875,232.5437469482422,144.35389709472656,120.85284423828125,234.098388671875
2017-01-18,481.1381530761719,288.00775146484375,232.5870819091797,145.36795043945312,120.94563293457031,236.24732971191406
2017-01-19,476.5090026855469,286.5475769042969,233.67007446289062,144.7913360595703,122.70854187011719,236.29306030273438
2017-01-20,443.9570617675781,286.55908203125,228.25503540039062,143.767333984375,118.71878814697266,229.5718536376953
2017-01-23,438.29376220703125,288.48291015625,223.1432342529297,145.69601440429688,120.38892364501953,232.4066619873047
2017-01-24,444.44952392578125,293.7906188964844,222.7966766357422,147.8036651611328,121.91986846923828,233.0924835205078
2017-01-25,456.56414794921875,299.1331481933594,225.22259521484375,158.1132354736328,123.63639831542969,237.02462768554688
2017-01-27,465.72406005859375,299.4344177246094,235.66282653808594,156.09506225585938,127.44060516357422,243.6543731689453
2017-01-30,464.788330078125,297.82354736328125,234.62313842773438,154.21607971191406,127.71894073486328,241.3682403564453
2017-01-31,458.977294921875,298.2175598144531,233.02029418945312,153.92779541015625,125.77047729492188,238.07623291015625
2017-02-01,468.4818115234375,302.6329650878906,243.4604949951172,154.50440979003906,130.40972900390625,247.54075622558594
2017-02-02,475.27783203125,301.0104675292969,247.61924743652344,153.18215942382812,132.31182861328125,249.91827392578125
2017-02-03,483.3050537109375,303.8729553222656,243.93701171875,152.16807556152344,139.31710815429688,253.80471801757812
2017-02-06,490.7904968261719,304.5799255371094,251.51803588867188,152.44644165039062,138.43565368652344,253.34750366210938
2017-02-07,485.9643249511719,302.9690246582031,249.6119842529297,153.76870727539062,140.70889282226562,254.12477111816406
2017-02-08,480.2517395019531,302.6213684082031,247.61924743652344,152.62542724609375,139.08514404296875,253.48463439941406
2017-02-09,477.9371643066406,300.7671813964844,246.92611694335938,153.0330047607422,134.21392822265625,252.25015258789062
2017-02-10,481.5321350097656,302.1462097167969,243.98033142089844,154.87225341796875,134.6314697265625,252.70736694335938
2017-02-13,482.9110107421875,303.67596435546875,244.02365112304688,157.7056427001953,132.07986450195312,248.4094696044922
2017-02-14,479.5622863769531,303.8845520019531,246.62286376953125,157.13894653320312,133.6572265625,247.08351135253906
2017-02-15,480.84271240234375,306.457275390625,243.24386596679688,155.94593811035156,129.71385192871094,245.94046020507812
2017-02-16,485.7181091308594,307.7784423828125,241.5543975830078,157.57640075683594,130.78086853027344,247.3578643798828
2017-02-17,481.7290954589844,319.17034912109375,245.1932830810547,158.37171936035156,130.13137817382812,246.30625915527344
2017-02-20,473.80047607421875,326.59881591796875,244.63014221191406,158.48110961914062,132.7293701171875,246.58059692382812
2017-02-21,496.74932861328125,328.09381103515625,246.75282287597656,158.65008544921875,133.4252471923828,247.54075622558594
2017-02-22,517.383544921875,324.2926330566406,247.9224853515625,158.2424774169922,131.70872497558594,249.00381469726562
2017-02-23,520.190673828125,323.16851806640625,246.49290466308594,161.244873046875,130.03857421875,247.31214904785156
2017-02-27,501.280029296875,323.0063171386719,241.5977020263672,159.1670684814453,129.5746612548828,245.30038452148438
2017-02-28,499.0146484375,322.1950378417969,239.4316864013672,159.4851837158203,131.19839477539062,246.1690673828125
2017-03-01,505.6629333496094,322.5543518066406,241.81431579589844,163.8695068359375,132.35821533203125,248.5009002685547
2017-03-02,498.669921875,319.8772888183594,241.42442321777344,162.27882385253906,129.20352172851562,244.43162536621094
2017-03-03,505.17047119140625,319.15875244140625,239.0851287841797,160.95657348632812,129.85301208496094,242.37411499023438
2017-03-06,510.8338317871094,320.0279235839844,239.77825927734375,162.83555603027344,131.33758544921875,246.7634735107422
2017-03-07,504.0870361328125,321.2911376953125,239.12843322753906,162.44781494140625,131.29119873046875,244.8888397216797
2017-03-08,502.4619140625,322.6817626953125,237.74220275878906,164.0186309814453,131.05923461914062,246.8091583251953
2017-03-09,508.6177062988281,323.1452941894531,236.96241760253906,164.12802124023438,130.96641540527344,249.87258911132812
2017-03-10,508.12518310546875,324.5127868652344,234.4065399169922,164.81396484375,131.4767608642578,248.7752227783203
2017-03-14,503.20062255859375,326.96966552734375,248.8755340576172,166.25550842285156,133.4252471923828,251.15281677246094
2017-03-15,503.988525390625,328.3371887207031,247.05609130859375,167.84620666503906,134.90980529785156,253.62181091308594
2017-03-16,505.9091796875,328.5110168457031,246.49290466308594,169.28775024414062,137.5078125,255.4049835205078
2017-03-17,509.3564147949219,330.4811096191406,243.11392211914062,168.6614227294922,134.35311889648438,250.695556640625
2017-03-20,495.2719421386719,332.8569030761719,238.30535888671875,169.9240264892578,134.7242431640625,250.4669952392578
2017-03-21,480.9411926269531,333.9809875488281,235.70611572265625,170.9082489013672,132.54380798339844,249.04962158203125
2017-03-22,478.1341552734375,331.6516418457031,229.59796142578125,171.43515014648438,126.55912017822266,244.614501953125
2017-03-23,480.8919677734375,331.6516418457031,231.28746032714844,172.61822509765625,126.04881286621094,245.52894592285156
2017-03-24,481.97540283203125,330.1334533691406,238.04542541503906,174.84515380859375,131.29119873046875,252.84454345703125
2017-03-27,479.8084716796875,326.77264404296875,236.65916442871094,173.2147216796875,136.6263427734375,255.5421600341797
2017-03-28,495.22265625,329.17156982421875,239.9948272705078,170.8883514404297,138.0645294189453,257.9654235839844
2017-03-29,496.6015930175781,331.1184997558594,244.50018310546875,170.52053833007812,138.11090087890625,263.772216796875
2017-03-30,491.7261962890625,339.8333740234375,243.7637481689453,172.02171325683594,142.14706420898438,266.14971923828125
2017-03-31,483.4035339355469,334.3517761230469,239.8648681640625,173.42352294921875,139.08514404296875,268.2987060546875
2017-04-03,493.05584716796875,332.1846618652344,248.39898681640625,174.16912841796875,139.13156127929688,268.070068359375
2017-04-05,500.6397705078125,331.9876403808594,246.79615783691406,176.93292236328125,140.29135131835938,271.9107971191406
2017-04-06,501.0337829589844,333.4130859375,243.3305206298828,177.8276824951172,140.61611938476562,267.79571533203125
2017-04-07,496.6015930175781,333.4942321777344,240.29811096191406,173.60244750976562,138.66761779785156,264.6866760253906
2017-04-10,503.0528564453125,332.4048767089844,240.5580291748047,174.447509765625,141.26560974121094,264.5951843261719
2017-04-11,507.28814697265625,333.6448974609375,245.7564697265625,175.1831817626953,146.83273315429688,269.3045959472656
2017-04-12,498.37445068359375,334.6183776855469,243.28720092773438,174.85513305664062,147.34304809570312,265.3267517089844
2017-04-13,499.901123046875,333.8303527832031,245.02003479003906,174.875,145.02340698242188,266.6069641113281
2017-04-17,494.7794494628906,333.0191345214844,244.67344665527344,176.48556518554688,147.34304809570312,265.09814453125
2017-04-18,492.1201477050781,335.4527587890625,245.53985595703125,175.30247497558594,144.6522674560547,265.46392822265625
2017-04-19,491.97247314453125,335.8468017578125,243.0706024169922,174.09954833984375,142.14706420898438,259.74859619140625
2017-04-20,480.6457214355469,338.8946838378906,236.31260681152344,176.79376220703125,143.6780242919922,260.4344482421875
2017-04-21,478.9220886230469,346.8794250488281,233.1935577392578,175.05397033691406,143.7244110107422,258.0569152832031
2017-04-24,491.13519287109375,355.3277587890625,232.7603302001953,178.1060333251953,143.9563751220703,261.5774841308594
2017-04-25,508.6177062988281,356.25482177734375,236.0960235595703,178.55345153808594,149.4770965576172,261.5774841308594
2017-04-26,509.3564147949219,359.4070739746094,239.908203125,179.0207061767578,155.0906219482422,261.9433288574219
2017-04-27,498.96539306640625,363.56744384765625,237.52557373046875,182.26168823242188,152.81736755371094,257.91973876953125
2017-04-28,501.9694519042969,358.4451904296875,241.2944793701172,179.3388214111328,156.66796875,264.9609680175781
2017-05-02,497.93121337890625,357.0776672363281,238.7819061279297,182.51025390625,158.38449096679688,263.635009765625
2017-05-03,493.30206298828125,357.93524169921875,236.31260681152344,182.3213653564453,162.28146362304688,265.00665283203125
2017-05-04,511.0307922363281,355.7333679199219,258.0161437988281,180.03475952148438,166.50320434570312,273.4653015136719
2017-05-05,496.8970947265625,355.1307373046875,258.66595458984375,180.6014404296875,161.72474670410156,270.67620849609375
2017-05-08,503.49609375,355.7333679199219,262.4781188964844,180.4125518798828,163.3948974609375,273.7853698730469
2017-05-09,510.3905944824219,355.9535827636719,260.442138671875,180.3131103515625,161.0752716064453,271.13348388671875
2017-05-10,518.4177856445312,359.6736145019531,258.7525634765625,184.44888305664062,159.72987365722656,269.25885009765625
2017-05-11,509.1102600097656,358.4219970703125,260.09552001953125,186.2682342529297,159.59071350097656,272.59661865234375
2017-05-12,495.419677734375,359.6388244628906,256.93310546875,189.81739807128906,156.94630432128906,272.4136962890625
2017-05-15,492.5633544921875,360.0444641113281,261.4817199707031,193.5256805419922,154.76585388183594,275.6142578125
2017-05-16,493.9422607421875,361.4930419921875,262.2181701660156,190.85134887695312,161.58558654785156,281.1923828125
2017-05-17,495.22265625,360.9136047363281,268.36968994140625,189.13145446777344,153.14210510253906,281.32952880859375
2017-05-18,484.58538818359375,360.90203857421875,266.8101501464844,187.47119140625,147.06468200683594,277.0316467285156
2017-05-19,494.1392517089844,361.8638610839844,266.0303955078125,186.3775634765625,144.00277709960938,281.6496276855469
2017-05-22,494.7301940917969,365.28265380859375,263.2579040527344,187.15301513671875,140.0594024658203,269.12164306640625
2017-05-23,493.05584716796875,363.68341064453125,265.1639709472656,186.95420837402344,138.94598388671875,264.13800048828125
2017-05-24,491.7754211425781,363.138671875,265.7271728515625,186.1290283203125,136.81190490722656,258.92559814453125
2017-05-25,499.8026123046875,374.8203125,275.25762939453125,190.1852569580078,139.8274383544922,265.2810363769531
2017-05-26,503.7423400878906,376.8715515136719,278.59332275390625,191.88528442382812,139.78103637695312,266.1576232910156
2017-05-29,499.6056213378906,378.2391052246094,272.8317565917969,192.58123779296875,134.6314697265625,262.051513671875
2017-05-30,506.64788818359375,377.5784912109375,278.4633483886719,191.26890563964844,135.79127502441406,266.5267333984375
2017-05-31,506.3030700683594,379.23565673828125,282.8387145996094,192.08413696289062,139.64186096191406,266.0191955566406
2017-06-01,501.62469482421875,377.47418212890625,277.3370361328125,191.40809631347656,140.94085693359375,265.23492431640625
2017-06-02,500.3935546875,378.78375244140625,275.6475524902344,191.925048828125,142.00790405273438,264.8658447265625
2017-06-05,505.9091796875,379.0850524902344,277.03375244140625,192.27304077148438,142.70379638671875,265.05035400390625
2017-06-06,502.5111389160156,379.8730163574219,276.3406677246094,192.15371704101562,138.71401977539062,265.09649658203125
2017-06-07,506.4508972167969,380.3019104003906,281.322509765625,192.60110473632812,141.3583984375,268.0953063964844
2017-06-08,507.9774475097656,381.2174072265625,277.4236755371094,194.6292266845703,140.3841552734375,266.2960205078125
2017-06-09,505.9091796875,386.3280944824219,279.1131286621094,195.87193298339844,141.17282104492188,266.2498779296875
2017-06-12,499.8518371582031,386.7800598144531,273.5681457519531,194.2017059326172,137.69337463378906,262.9281005859375
2017-06-13,498.81768798828125,388.6227722167969,272.788330078125,193.70465087890625,138.01812744140625,261.9130859375
2017-06-14,501.8217468261719,387.347900390625,276.4272766113281,192.48179626464844,141.0336456298828,262.2360534667969
2017-06-15,499.9503479003906,385.76025390625,274.4345397949219,191.39816284179688,136.81190490722656,262.051513671875
2017-06-16,502.7574462890625,386.89599609375,274.2179260253906,195.38478088378906,136.99746704101562,263.8508605957031
2017-06-19,512.311279296875,392.37750244140625,277.7702331542969,196.3590850830078,136.6263427734375,266.5267333984375
2017-06-20,504.13629150390625,390.9057312011719,280.909423828125,195.4643096923828,133.5180206298828,267.6800842285156
2017-06-21,500.09808349609375,393.72186279296875,279.61273193359375,197.2339630126953,135.652099609375,268.41827392578125
2017-06-22,500.3443298339844,393.55963134765625,278.1719055175781,198.41702270507812,135.0489959716797,271.7400207519531
2017-06-23,497.0448303222656,389.0746765136719,280.3330993652344,195.8917999267578,133.5180206298828,266.61895751953125
2017-06-27,485.4226379394531,386.5251159667969,276.53900146484375,193.81398010253906,127.11585235595703,258.0376892089844
2017-06-28,484.58538818359375,386.2469482421875,278.89227294921875,193.30697631835938,126.65193176269531,255.03887939453125
2017-06-29,504.38250732421875,388.020263671875,281.6778869628906,188.56475830078125,128.09010314941406,251.3941192626953
2017-06-30,509.5533447265625,385.4537353515625,278.7001953125,190.03614807128906,127.39421844482422,252.5013885498047
2017-07-03,509.45489501953125,386.9819641113281,278.6041564941406,188.6641845703125,129.20352172851562,253.608642578125
2017-07-04,500.73822021484375,385.75701904296875,278.07586669921875,190.642578125,126.69833374023438,251.90162658691406
2017-07-05,506.1554260253906,384.6837463378906,281.29364013671875,190.85134887695312,126.74470520019531,253.65476989746094
2017-07-06,506.752197265625,386.876953125,282.1580810546875,190.50338745117188,132.96133422851562,259.28338623046875
2017-07-07,500.4364318847656,388.9884948730469,278.2679748535156,191.81568908691406,133.79640197753906,258.45294189453125
2017-07-10,507.1996765136719,391.12335205078125,279.94891357421875,192.4718475341797,142.19346618652344,263.4817199707031
2017-07-11,504.06671142578125,392.0682678222656,278.2199401855469,190.63265991210938,138.6212158203125,261.6362609863281
2017-07-12,504.0169372558594,392.2666015625,280.81341552734375,190.33419799804688,141.3583984375,265.41943359375
2017-07-13,509.1391906738281,392.80322265625,286.1444091796875,191.4185028076172,141.26560974121094,266.4344177246094
2017-07-14,510.18359375,391.9632873535156,286.4805908203125,194.4228057861328,142.56459045410156,269.064208984375
2017-07-17,507.74676513671875,392.5232238769531,291.52337646484375,194.92019653320312,141.86871337890625,270.35595703125
2017-07-18,513.7640991210938,392.80322265625,291.9075927734375,194.40289306640625,143.6780242919922,268.51055908203125
2017-07-19,517.3944702148438,394.8448181152344,290.3227233886719,197.8050994873047,146.87913513183594,270.63275146484375
2017-07-20,537.0877075195312,399.1844482421875,288.7378234863281,194.97987365722656,145.44094848632812,268.4643859863281
2017-07-21,537.88330078125,397.35302734375,290.130615234375,198.84962463378906,146.83273315429688,268.1875915527344
2017-07-24,531.9157104492188,404.8307800292969,291.0911560058594,197.556396484375,149.6626739501953,271.7861633300781
2017-07-25,542.0110473632812,405.8924255371094,292.1477355957031,196.5615997314453,151.19363403320312,273.2164001464844
2017-07-26,525.997802734375,407.73565673828125,298.1031188964844,196.28306579589844,147.43580627441406,272.9395446777344
2017-07-27,521.8204345703125,417.558349609375,295.0774230957031,198.59100341796875,143.0285186767578,275.2925109863281
2017-07-28,512.3218994140625,414.956787109375,284.46343994140625,201.48582458496094,147.38943481445312,275.9845275878906
2017-07-31,516.99658203125,416.3334045410156,290.6589050292969,203.2665252685547,150.5905303955078,288.34893798828125
2017-08-01,513.7640991210938,419.3198547363281,290.6589050292969,202.00314331054688,146.13682556152344,285.119384765625
2017-08-02,514.1123046875,418.0249328613281,289.93853759765625,201.12771606445312,147.4822235107422,283.919921875
2017-08-03,503.2710266113281,415.2951354980469,284.0312194824219,198.24281311035156,138.52845764160156,277.32244873046875
2017-08-04,505.3597106933594,417.69830322265625,284.5594787597656,198.20301818847656,140.15219116210938,281.65924072265625
2017-08-07,503.0721130371094,417.3016662597656,288.3055419921875,198.541259765625,141.12643432617188,287.1493835449219
2017-08-08,496.7563781738281,414.81683349609375,283.83905029296875,196.51187133789062,138.0645294189453,280.182861328125
2017-08-09,484.3237609863281,411.6786804199219,279.1324462890625,197.44696044921875,137.6005859375,278.937255859375
2017-08-10,482.8815612792969,410.7453918457031,277.3554382324219,198.32240295410156,132.82212829589844,273.77001953125
2017-08-11,487.0589599609375,408.0856018066406,275.62652587890625,197.40719604492188,130.22415161132812,258.4990539550781
2017-08-14,489.0978698730469,409.9871520996094,280.28509521484375,195.49720764160156,132.86854553222656,256.69976806640625
2017-08-16,496.8061218261719,415.5984191894531,283.310791015625,199.0684814453125,136.9047088623047,261.2210693359375
2017-08-17,494.46875,411.9003601074219,281.5818176269531,196.77052307128906,135.74488830566406,259.14495849609375
2017-08-18,487.75518798828125,408.8088684082031,281.5818176269531,195.68618774414062,131.89427185058594,257.1611328125
2017-08-21,492.1314392089844,406.7206726074219,281.9179992675781,192.90077209472656,127.67256164550781,253.42408752441406
2017-08-22,496.50775146484375,407.6072692871094,282.3502197265625,193.14947509765625,128.043701171875,252.73207092285156
2017-08-23,499.9390869140625,413.5451965332031,286.8167419433594,194.99978637695312,132.35821533203125,257.43792724609375
2017-08-24,504.1164245605469,411.2237548828125,285.95233154296875,193.40811157226562,133.88917541503906,258.6374816894531
2017-08-28,507.8462219238281,411.1654052734375,289.0260009765625,194.1940155029297,134.39950561523438,257.7608947753906
2017-08-29,500.88397216796875,407.4089660644531,287.6812438964844,191.87612915039062,130.8272705078125,255.5924835205078
2017-08-30,501.182373046875,412.6353454589844,288.4496154785156,193.25888061523438,132.21902465820312,255.2234344482422
2017-08-31,497.6514892578125,414.478515625,286.2884521484375,194.18405151367188,133.4252471923828,256.2845458984375
2017-09-01,504.81268310546875,412.41363525390625,286.528564453125,197.47682189941406,134.0283660888672,256.3768310546875
2017-09-04,499.0439453125,408.5172424316406,285.3759460449219,194.60186767578125,132.35821533203125,256.2845458984375
2017-09-05,500.6850280761719,409.5555114746094,285.856201171875,196.65113830566406,133.23968505859375,255.17724609375
2017-09-06,490.19195556640625,410.6171569824219,283.69500732421875,198.19308471679688,128.9715576171875,253.0550079345703
2017-09-07,493.9217529296875,412.16864013671875,281.1015625,197.66583251953125,128.92514038085938,253.0089111328125
2017-09-08,491.3357238769531,417.0916748046875,280.4771728515625,200.46119689941406,127.90452575683594,250.79437255859375
2017-09-11,491.23626708984375,425.421142578125,279.32452392578125,200.25228881835938,128.18287658691406,250.01007080078125
2017-09-12,493.8222961425781,428.1859436035156,279.70880126953125,203.2864532470703,131.29119873046875,252.31689453125
2017-09-13,496.607177734375,429.737548828125,280.4771728515625,202.9680938720703,132.68296813964844,252.2707061767578
2017-09-14,516.9468994140625,429.1659240722656,282.110107421875,200.47116088867188,134.77064514160156,253.0089111328125
2017-09-15,513.3662719726562,431.39410400390625,280.0930480957031,199.96380615234375,134.21392822265625,250.51754760742188
2017-09-18,521.720947265625,434.0773010253906,281.4377136230469,202.351318359375,134.30670166015625,249.50254821777344
2017-09-19,517.9414672851562,431.569091796875,283.02264404296875,205.79330444335938,133.5180206298828,247.103515625
2017-09-20,516.6484985351562,431.3707580566406,279.08441162109375,203.57492065429688,134.35311889648438,249.17959594726562
2017-09-21,509.7856750488281,429.095947265625,273.7054138183594,204.75872802734375,131.56954956054688,247.7494354248047
2017-09-22,502.5748291015625,425.59613037109375,266.1651916503906,203.3162841796875,127.76534271240234,241.61334228515625
2017-09-25,498.99420166015625,419.914794921875,268.4704895019531,198.85958862304688,127.71894073486328,238.7529296875
2017-09-26,509.1889343261719,418.1766662597656,271.59222412109375,197.76531982421875,126.79109954833984,238.29156494140625
2017-09-27,503.56939697265625,414.49017333984375,265.4927673339844,194.90029907226562,123.07967376708984,231.04823303222656
2017-09-28,509.0397644042969,418.8766174316406,265.06060791015625,200.0036163330078,121.3167724609375,233.03207397460938
2017-09-29,506.4040222167969,421.3030700683594,265.6849060058594,199.40672302246094,119.73941802978516,234.23162841796875
2017-10-03,506.9013671875,422.0379943847656,267.41387939453125,200.2622528076172,120.24974822998047,231.87867736816406
2017-10-04,503.2213134765625,419.2731628417969,265.2046813964844,204.81842041015625,120.5744857788086,233.6318359375
2017-10-05,498.4969482421875,419.6465148925781,261.07427978515625,205.48492431640625,122.80134582519531,232.15550231933594
2017-10-06,500.63531494140625,419.9964904785156,261.2184143066406,206.81793212890625,127.1622543334961,236.90748596191406
2017-10-09,503.2213134765625,418.9232482910156,261.0262756347656,208.8970947265625,127.39421844482422,236.999755859375
2017-10-10,511.77490234375,420.6030578613281,259.15325927734375,210.03114318847656,127.11585235595703,237.09202575683594
2017-10-11,512.9683837890625,417.67498779296875,257.0400695800781,207.6834259033203,122.19822692871094,232.29388427734375
2017-10-12,522.26806640625,424.35955810546875,256.9920349121094,210.4191131591797,124.14673614501953,231.786376953125
2017-10-13,526.5946044921875,431.82574462890625,260.5940856933594,215.34335327148438,125.26014709472656,232.61685180664062
2017-10-16,517.5435791015625,433.30731201171875,263.4276123046875,215.37318420410156,124.19310760498047,232.5707244873047
2017-10-17,510.3824768066406,431.9307556152344,263.0914611816406,214.5972442626953,124.70343017578125,231.7402801513672
2017-10-18,461.994873046875,435.9554748535156,252.76568603515625,218.0392303466797,121.4559326171875,224.91217041015625
2017-10-19,457.8174743652344,431.26580810546875,247.6748046875,214.42813110351562,120.2033462524414,223.9894561767578
2017-10-23,447.5233459472656,434.7423095703125,252.1893768310547,211.2050018310547,121.54873657226562,226.942138671875
2017-10-24,449.5125427246094,435.6288757324219,256.0315246582031,212.0306854248047,128.22926330566406,234.7852325439453
2017-10-25,470.44903564453125,418.82989501953125,293.6365661621094,201.05807495117188,187.47268676757812,299.7906494140625
2017-10-26,481.68804931640625,418.88824462890625,287.44110107421875,202.71942138671875,198.1893768310547,295.73065185546875
2017-10-27,483.3291931152344,417.8849792480469,289.2661437988281,204.72889709472656,182.4622802734375,287.010986328125
2017-10-30,481.3896789550781,423.472900390625,288.6897888183594,204.70896911621094,189.235595703125,287.8875732421875
2017-10-31,520.3284912109375,421.9564208984375,288.2575378417969,203.94297790527344,182.9261932373047,282.1667175292969
2017-11-01,532.214111328125,424.9195251464844,301.03271484375,203.80374145507812,184.54995727539062,295.13092041015625
2017-11-02,529.2800903320312,425.1295166015625,304.15447998046875,202.84872436523438,183.20455932617188,290.05596923828125
2017-11-03,537.1870727539062,427.1360168457031,303.4340515136719,202.0429229736328,192.80783081054688,299.88287353515625
2017-11-06,531.6173095703125,426.6460876464844,303.6261291503906,200.89892578125,186.68402099609375,303.5737609863281
2017-11-07,524.3070068359375,425.5028076171875,300.12017822265625,201.605224609375,177.03433227539062,292.6856994628906
2017-11-08,541.9114990234375,426.0277404785156,293.4444885253906,201.22720336914062,175.41058349609375,285.6269226074219
2017-11-09,537.4855346679688,426.4710998535156,299.01556396484375,200.02349853515625,178.42611694335938,289.4562072753906
2017-11-10,541.86181640625,425.106201171875,305.93145751953125,197.6459503173828,176.3848419189453,307.7720947265625
2017-11-13,534.451904296875,423.1346740722656,301.84918212890625,197.90457153320312,174.11160278320312,305.46533203125
2017-11-14,542.7071533203125,420.521484375,301.7051086425781,198.79991149902344,170.7713165283203,303.6660461425781
2017-11-15,539.076904296875,420.0314636230469,303.0498046875,201.24710083007812,167.66302490234375,299.8367614746094
2017-11-16,539.6735229492188,421.76971435546875,306.36370849609375,202.43089294433594,175.92092895507812,307.63372802734375
2017-11-17,539.4747314453125,425.9344482421875,312.27105712890625,203.57492065429688,177.03433227539062,311.4168395996094
2017-11-20,542.2099609375,428.8742370605469,305.9794616699219,207.02684020996094,173.74046325683594,307.2646484375
2017-11-21,543.8509521484375,430.76416015625,307.2762145996094,204.89801025390625,172.85897827148438,305.0962219238281
2017-11-22,537.5849609375,432.864013671875,306.315673828125,204.18174743652344,175.54977416992188,309.3868713378906
2017-11-23,541.2153930664062,429.97088623046875,306.8440246582031,203.3560333251953,173.04457092285156,309.06390380859375
2017-11-24,542.5580444335938,431.9657287597656,304.6827697753906,204.99746704101562,172.67343139648438,306.71099853515625
2017-11-27,556.383056640625,433.400634765625,304.4906311035156,206.2111053466797,172.44146728515625,309.7098083496094
2017-11-28,559.5159912109375,435.2205505371094,300.8406066894531,204.89801025390625,170.4465789794922,306.3418884277344
2017-11-29,546.536376953125,437.075439453125,302.425537109375,204.18174743652344,168.4980926513672,303.4814758300781
2017-11-30,532.5125732421875,432.5023498535156,295.41357421875,199.0187530517578,163.3948974609375,295.59228515625
2017-12-01,530.9707641601562,431.2191467285156,293.2043151855469,199.98370361328125,159.1267852783203,288.5796203613281
2017-12-04,532.06494140625,427.9293212890625,292.2438049316406,198.55120849609375,160.70413208007812,289.36395263671875
2017-12-05,530.2745971679688,424.7445373535156,293.2043151855469,198.9292449951172,163.25572204589844,294.4388732910156
2017-12-06,527.6389770507812,420.7431335449219,287.6812438964844,198.88941955566406,159.6834716796875,288.2566833496094
2017-12-07,531.169677734375,422.22467041015625,293.73260498046875,199.2774200439453,161.35360717773438,291.947509765625
2017-12-08,539.57421875,429.39923095703125,298.4872741699219,200.74969482421875,160.2401885986328,288.9025573730469
2017-12-11,542.1602172851562,430.7991638183594,299.15966796875,200.65023803710938,160.47215270996094,293.7929992675781
2017-12-12,535.6951904296875,424.6162414550781,295.46160888671875,199.0386505126953,161.1680450439453,293.839111328125
2017-12-13,532.8605346679688,424.9544982910156,290.9950866699219,201.92355346679688,155.69371032714844,289.08709716796875
2017-12-14,538.5299072265625,428.8509521484375,292.3398132324219,203.86338806152344,157.36386108398438,289.7330322265625
2017-12-15,544.9948120117188,437.1103515625,291.1871643066406,204.94773864746094,159.21957397460938,288.1182556152344
2017-12-18,545.6910400390625,438.3936767578125,296.71026611328125,203.57492065429688,165.8537139892578,294.2543029785156
2017-12-19,550.6640014648438,439.6885681152344,301.3209228515625,203.2068328857422,165.8537139892578,295.0847473144531
2017-12-20,551.5094604492188,435.8738098144531,303.3379821777344,201.48582458496094,158.1989288330078,292.9624938964844
2017-12-21,545.9893188476562,435.9088439941406,303.0018310546875,201.05807495117188,160.98248291015625,292.27044677734375
2017-12-22,550.6143188476562,437.8570251464844,304.1064758300781,200.95860290527344,163.25572204589844,295.13092041015625
2017-12-26,552.0067749023438,435.92047119140625,305.59527587890625,202.19215393066406,161.72474670410156,292.63958740234375
2017-12-27,551.60888671875,433.2139892578125,300.4563903808594,201.75445556640625,161.53919982910156,290.517333984375
2017-12-28,543.900634765625,438.1837158203125,302.8576965332031,199.90411376953125,158.47726440429688,284.5657653808594
2017-12-29,560.9085693359375,436.8654479980469,301.6090087890625,200.98843383789062,159.0339813232422,285.94989013671875
2018-01-01,562.4500732421875,432.68902587890625,298.0550537109375,198.94911193847656,157.50303649902344,283.3663024902344
2018-01-02,556.4824829101562,436.853759765625,297.4787292480469,199.5957489013672,154.39471435546875,279.8138122558594
2018-01-03,557.4274291992188,432.25738525390625,302.569580078125,198.9789581298828,154.58029174804688,279.4447326660156
2018-01-04,556.8802490234375,433.948974609375,302.2814636230469,199.0386505126953,163.7196502685547,284.6580810546875
2018-01-05,560.2122802734375,434.81219482421875,300.5524597167969,199.56591796875,163.3021240234375,282.67425537109375
2018-01-08,562.400390625,434.11224365234375,301.7530822753906,200.17271423339844,163.0237579345703,282.1667175292969
2018-01-09,562.251220703125,434.8355407714844,300.2642822265625,200.89892578125,162.04949951171875,280.78265380859375
2018-01-10,559.7646484375,434.9522399902344,299.68798828125,199.40672302246094,158.33810424804688,277.8299865722656
2018-01-11,555.736572265625,436.90045166015625,297.2865905761719,202.47068786621094,160.28659057617188,278.844970703125
2018-01-12,552.106201171875,435.2088623046875,305.1630554199219,203.6047821044922,161.63198852539062,278.8910827636719
2018-01-15,557.5267944335938,442.780029296875,316.3052978515625,206.58914184570312,159.72987365722656,279.21405029296875
2018-01-16,560.1624755859375,443.34002685546875,320.9158630371094,205.574462890625,153.60604858398438,273.2625427246094
2018-01-17,582.0439453125,441.0885009765625,329.704833984375,204.35084533691406,162.88458251953125,283.3663024902344
2018-01-18,581.6461181640625,451.30780029296875,332.4903259277344,208.21067810058594,158.1989288330078,279.8138122558594
2018-01-19,587.066650390625,455.4842224121094,339.6463623046875,211.0060272216797,163.6732635498047,285.35009765625
2018-01-22,608.2517700195312,458.0857238769531,337.6292419433594,213.7019500732422,163.3021240234375,282.8126525878906
2018-01-23,616.7556762695312,455.2742614746094,348.00299072265625,213.9705352783203,172.3950653076172,293.5161437988281
2018-01-24,604.6712036132812,456.75579833984375,338.82989501953125,214.8957061767578,180.60655212402344,304.40423583984375
2018-01-25,612.7772216796875,460.792236328125,346.56219482421875,217.33294677734375,167.8485870361328,288.9486999511719
2018-01-29,602.2841186523438,466.5552062988281,343.5364990234375,221.8592529296875,161.40000915527344,287.9798583984375
2018-01-30,590.5477294921875,465.5869445800781,339.3101806640625,216.47743225097656,160.1938018798828,289.3177795410156
2018-01-31,590.3985595703125,467.9667663574219,339.0220031738281,220.63565063476562,158.9875946044922,289.0409851074219
2018-02-01,589.6028442382812,464.5719909667969,332.53839111328125,223.02316284179688,155.4617462158203,282.39739990234375
2018-02-02,561.8534545898438,454.5043029785156,321.87640380859375,216.05963134765625,150.17300415039062,274.3697814941406
2018-02-05,563.196044921875,446.5364685058594,316.6894836425781,211.34426879882812,151.88951110839844,275.01568603515625
2018-02-06,560.659912109375,442.5583801269531,317.6500244140625,205.6838836669922,149.4307098388672,269.20257568359375
2018-02-07,556.333251953125,436.95880126953125,319.427001953125,206.1812744140625,145.25538635253906,270.1714172363281
2018-02-08,565.38427734375,438.8603210449219,320.67572021484375,209.25521850585938,147.85336303710938,278.10675048828125
2018-02-09,554.5430297851562,431.5224304199219,313.85589599609375,205.32574462890625,145.48733520507812,273.49322509765625
2018-02-12,561.1571655273438,437.8570251464844,313.3756103515625,207.5043487548828,149.98741149902344,266.4344177246094
2018-02-14,540.9666748046875,439.3735656738281,306.36370849609375,207.4049072265625,135.3273468017578,254.85433959960938
2018-02-15,540.7677001953125,439.08197021484375,315.680908203125,207.3451690673828,118.99713134765625,257.1611328125
2018-02-16,534.9492797851562,438.3119812011719,308.380859375,208.94679260253906,116.491943359375,250.65597534179688
2018-02-19,537.6347045898438,438.2186584472656,307.1321716308594,210.14056396484375,108.0948715209961,247.7494354248047
2018-02-20,528.8323974609375,434.7188720703125,304.73077392578125,208.07139587402344,108.1412582397461,248.81051635742188
2018-02-21,532.9102783203125,433.3656921386719,306.6038513183594,209.91177368164062,108.83715057373047,252.1784210205078
2018-02-22,527.3902587890625,432.38568115234375,305.787353515625,213.38360595703125,106.33194732666016,251.5325469970703
2018-02-23,533.7557373046875,438.7669677734375,310.01373291015625,215.044921875,105.2649154663086,254.71591186523438
2018-02-26,549.3212280273438,445.9998474121094,314.1440734863281,219.87962341308594,103.9195327758789,253.23959350585938
2018-02-27,535.496337890625,443.89996337890625,309.43743896484375,217.4722137451172,91.25434112548828,246.91897583007812
2018-02-28,525.8983764648438,439.6186218261719,300.8886413574219,216.9748077392578,94.08428955078125,247.28805541992188
2018-03-01,522.9144897460938,437.3204040527344,292.91619873046875,217.9994354248047,93.75953674316406,241.89016723632812
2018-03-05,521.720947265625,436.2937927246094,291.3792724609375,218.85496520996094,92.87808227539062,243.13583374023438
2018-03-06,514.5597534179688,430.76416015625,283.40679931640625,215.3632354736328,90.79041290283203,236.72293090820312
2018-03-07,509.88519287109375,427.5793151855469,275.3863525390625,215.89048767089844,88.6099624633789,227.58804321289062
2018-03-08,517.7425537109375,432.3040466308594,285.23187255859375,215.33338928222656,89.6769790649414,236.95362854003906
2018-03-09,502.62451171875,431.88409423828125,281.1495666503906,215.3632354736328,88.70274353027344,233.677978515625
2018-03-12,516.3997802734375,435.66387939453125,288.7858581542969,218.97434997558594,87.77488708496094,233.3088836669922
2018-03-13,528.633544921875,434.0306091308594,292.3398132324219,215.65171813964844,90.88319396972656,235.0159149169922
2018-03-14,533.2583618164062,435.022216796875,293.9727478027344,215.22398376464844,92.13579559326172,237.18429565429688
2018-03-15,526.7935180664062,438.8253173828125,289.5542907714844,215.99993896484375,91.43991088867188,234.09320068359375
2018-03-16,519.7814331054688,432.3390197753906,286.3364562988281,211.0458221435547,91.71826171875,232.80137634277344
2018-03-19,516.6484985351562,430.9974670410156,282.92657470703125,208.7080535888672,89.5842056274414,228.78758239746094
2018-03-20,518.2896118164062,429.1892395019531,280.4771728515625,207.971923828125,89.86255645751953,229.8487091064453
2018-03-21,523.4614868164062,433.715576171875,277.7876892089844,209.12586975097656,90.55844116210938,228.83370971679688
2018-03-22,515.4052124023438,435.78045654296875,272.072509765625,209.5138397216797,89.5842056274414,222.8822021484375
2018-03-23,496.8061218261719,429.66754150390625,264.6763610839844,206.6786651611328,86.42948913574219,216.6538543701172
2018-03-26,504.5639953613281,441.7767639160156,270.53564453125,206.78810119628906,88.88831329345703,227.44964599609375
2018-03-27,509.4376220703125,441.5784606933594,272.69683837890625,208.87718200683594,92.27497863769531,234.69296264648438
2018-03-28,507.74676513671875,440.0618896484375,267.3658752441406,208.46929931640625,88.42439270019531,230.58685302734375
2018-04-02,496.3585205078125,450.5845031738281,251.5169219970703,218.16856384277344,89.35223388671875,227.12667846679688
2018-04-03,498.84503173828125,447.0147705078125,259.3933410644531,219.51153564453125,88.56356048583984,231.1405029296875
2018-04-04,489.5951843261719,439.39691162109375,258.048583984375,214.53758239746094,87.58931732177734,228.18783569335938
2018-04-05,500.3866882324219,445.3815612792969,267.6540222167969,222.4959259033203,90.0017318725586,239.26039123535156
2018-04-06,497.5023193359375,448.7646789550781,269.5751037597656,222.6749725341797,94.7801742553711,239.6295166015625
2018-04-09,516.4993286132812,452.4161376953125,269.7672119140625,222.4859619140625,97.65652465820312,240.50607299804688
2018-04-10,543.2045288085938,448.169677734375,277.4034423828125,221.57077026367188,97.61012268066406,242.95127868652344
2018-04-11,536.888671875,447.70306396484375,273.3211669921875,224.0478057861328,94.82656860351562,237.18429565429688
2018-04-12,545.79052734375,450.0245666503906,275.4343566894531,225.73895263671875,93.94511413574219,234.18548583984375
2018-04-13,539.6238403320312,449.137939453125,276.87518310546875,229.0217742919922,93.99150085449219,231.5557403564453
2018-04-16,539.4747314453125,453.1277160644531,276.2508544921875,233.1999053955078,91.99662017822266,229.75643920898438
2018-04-17,529.5286254882812,454.6209411621094,280.2370910644531,231.75747680664062,90.88319396972656,228.97213745117188
2018-04-18,515.4550170898438,450.9112243652344,278.6041564941406,229.58880615234375,90.14090728759766,227.4034881591797
2018-04-19,510.1338195800781,452.4044189453125,278.1719055175781,229.57887268066406,89.16666412353516,227.12667846679688
2018-04-20,502.97265625,456.3475341796875,271.015869140625,229.36996459960938,86.84703063964844,222.5592498779297
2018-04-23,503.4700012207031,451.6462097167969,268.3743896484375,232.58316040039062,87.31095886230469,223.71263122558594
2018-04-24,502.12725830078125,451.4711608886719,272.8888854980469,231.9862823486328,86.42948913574219,222.00563049316406
2018-04-25,495.71197509765625,448.1463928222656,267.8941650390625,232.35435485839844,85.64082336425781,218.86839294433594
2018-04-26,491.0870666503906,450.3628845214844,267.84613037109375,235.90576171875,84.43461608886719,215.17750549316406
2018-04-27,536.2919921875,448.7646789550781,276.53900146484375,236.51258850097656,86.66146087646484,223.85105895996094
2018-04-30,514.5101318359375,453.6410217285156,272.9849548339844,240.9593048095703,88.51716613769531,227.35736083984375
2018-05-02,520.92529296875,459.5206604003906,265.9730529785156,250.06170654296875,86.10475158691406,222.37469482421875
2018-05-03,530.5233154296875,459.1473083496094,270.7757568359375,245.4259796142578,85.40886688232422,223.20513916015625
2018-05-04,517.493896484375,463.9537048339844,271.6882629394531,245.4060516357422,84.94493865966797,223.25128173828125
2018-05-07,533.2086791992188,461.3638610839844,278.364013671875,247.7139892578125,87.03260040283203,227.44964599609375
2018-05-08,539.3255004882812,458.94903564453125,297.0945129394531,247.07730102539062,85.96556854248047,230.7252960205078
2018-05-09,545.5418090820312,461.59716796875,294.6931457519531,248.92764282226562,86.29032897949219,228.83370971679688
2018-05-10,544.6964721679688,464.93365478515625,294.7411804199219,248.20143127441406,84.80575561523438,228.78758239746094
2018-05-11,550.31591796875,469.3783264160156,298.67938232421875,252.1408233642578,82.39334106445312,231.0021209716797
2018-05-14,548.9235229492188,471.7115783691406,297.8630065917969,252.99636840820312,82.85726928710938,234.00094604492188
2018-05-15,546.7354125976562,475.4563293457031,296.0859375,255.43359375,79.74895477294922,228.83370971679688
2018-05-16,547.03369140625,472.0848083496094,285.52001953125,254.94615173339844,70.14567565917969,224.31240844726562
2018-05-17,536.5405883789062,473.1114501953125,284.3193359375,252.81727600097656,70.93435668945312,223.94332885742188
2018-05-18,530.02587890625,469.4716796875,274.80999755859375,257.5326232910156,69.35700988769531,220.39088439941406
2018-05-21,524.008544921875,465.0153503417969,277.88372802734375,254.00108337402344,72.51170349121094,225.55807495117188
2018-05-22,520.4777221679688,464.28033447265625,278.84423828125,251.22561645507812,75.6664047241211,234.27774047851562
2018-05-23,517.4442138671875,459.0539855957031,280.52520751953125,249.7632598876953,74.7385482788086,242.8590087890625
2018-05-24,531.5676879882812,463.3703918457031,285.95233154296875,253.7623291015625,76.17671966552734,247.7494354248047
2018-05-25,535.5957641601562,468.66668701171875,283.983154296875,257.8211669921875,77.3365478515625,246.31919860839844
2018-05-28,543.2045288085938,476.48291015625,287.44110107421875,258.0797424316406,82.30055236816406,251.02503967285156
2018-05-29,544.7958374023438,474.2430114746094,278.46002197265625,255.51321411132812,79.47059631347656,243.87399291992188
2018-05-30,538.7288208007812,477.9178771972656,273.65740966796875,259.29339599609375,79.88813781738281,246.5037384033203
2018-05-31,542.955810546875,502.3614196777344,274.5218811035156,265.5307922363281,77.6148910522461,248.71824645996094
2018-06-01,533.7557373046875,495.5871887207031,277.88372802734375,262.2280578613281,76.96539306640625,246.08851623535156
2018-06-04,534.153564453125,480.4654846191406,275.4343566894531,259.4327087402344,77.19735717773438,242.67446899414062
2018-06-05,528.0368041992188,484.55120849609375,272.8888854980469,259.5818786621094,76.68704223632812,243.1819610595703
2018-06-06,528.5339965820312,483.0836181640625,272.69683837890625,261.7704772949219,78.58914184570312,249.2718963623047
2018-06-07,539.4747314453125,484.222412109375,279.4205627441406,260.7259216308594,79.88813781738281,248.81051635742188
2018-06-08,534.501708984375,481.20513916015625,276.87518310546875,262.2976989746094,83.9242935180664,251.90162658691406
2018-06-11,537.0379638671875,479.5497131347656,275.0981750488281,263.29248046875,84.99132537841797,252.82435607910156
2018-06-12,534.2529907226562,479.9136962890625,276.0587158203125,264.4762878417969,85.1305160522461,260.9903564453125
2018-06-13,537.7341918945312,477.0020751953125,279.2764892578125,263.75006103515625,84.71297454833984,265.465576171875
2018-06-14,529.1307983398438,478.3992004394531,273.5133056640625,265.142822265625,85.0841064453125,260.7596740722656
2018-06-15,525.8983764648438,476.567626953125,271.3520812988281,266.6051940917969,83.36758422851562,256.0077209472656
2018-06-18,519.7317504882812,474.1139221191406,281.4377136230469,261.69085693359375,82.114990234375,255.45408630371094
2018-06-19,514.41064453125,475.13531494140625,281.24560546875,259.29339599609375,80.53763580322266,251.5325469970703
2018-06-20,516.3003540039062,482.8017883300781,281.6298522949219,263.54119873046875,79.98091888427734,252.1784210205078
2018-06-21,510.2829895019531,483.142333984375,286.1924133300781,261.4222412109375,77.38292694091797,247.88783264160156
2018-06-22,522.8150634765625,489.1886901855469,288.7858581542969,262.9045104980469,75.99115753173828,251.94776916503906
2018-06-25,512.4214477539062,491.912353515625,278.2679748535156,264.2176818847656,74.04267120361328,247.70326232910156
2018-06-26,511.4268493652344,491.61883544921875,276.7311096191406,264.5857238769531,74.08905029296875,246.73443603515625
2018-06-27,505.111083984375,496.056884765625,268.0382080078125,263.4615478515625,71.21272277832031,241.4749298095703
2018-06-28,501.8785705566406,500.342041015625,260.69012451171875,266.4261169433594,67.54769134521484,237.13818359375
2018-06-29,508.0451354980469,495.0823059082031,264.5322570800781,267.19207763671875,70.656005859375,239.3065643310547
2018-07-02,509.4873352050781,486.8170471191406,266.45330810546875,266.1972961425781,72.51170349121094,238.84521484375
2018-07-03,508.79107666015625,486.10089111328125,262.1309509277344,269.2214660644531,71.58385467529297,237.59951782226562
2018-07-04,511.973876953125,493.9317932128906,262.46710205078125,271.62884521484375,70.60960388183594,237.5533905029297
2018-07-05,508.2440490722656,498.67486572265625,260.83416748046875,271.5791320800781,70.09928894042969,236.6306915283203
2018-07-06,510.92950439453125,496.655517578125,259.3933410644531,272.8127136230469,71.39828491210938,237.32272338867188
2018-07-09,522.417236328125,499.12103271484375,260.49798583984375,275.5782165527344,72.18695831298828,241.33651733398438
2018-07-10,529.6777954101562,503.9932556152344,262.6112060546875,273.0016784667969,72.23335266113281,243.36651611328125
2018-07-11,533.6561889648438,504.427734375,258.1446838378906,276.0871276855469,70.09928894042969,239.07586669921875
2018-07-12,535.4465942382812,508.58380126953125,261.5545959472656,276.6544189453125,70.60960388183594,242.44378662109375
2018-07-13,520.1793212890625,512.09423828125,257.18414306640625,279.55078125,68.52194213867188,237.8302001953125
2018-07-16,519.2841796875,509.26483154296875,249.0195770263672,280.366943359375,68.52194213867188,232.15550231933594
2018-07-17,534.9990234375,511.1197509765625,255.93544006347656,278.8042907714844,73.02202606201172,239.0297393798828
2018-07-18,523.7101440429688,510.9905700683594,252.33346557617188,278.3962097167969,69.7745361328125,239.4910888671875
2018-07-19,523.9588012695312,513.3153076171875,250.8926239013672,268.21429443359375,69.86732482910156,240.0908660888672
2018-07-20,530.8215942382812,514.0079345703125,255.31112670898438,265.4075012207031,70.09928894042969,241.29037475585938
2018-07-23,537.435791015625,506.3531494140625,264.6763610839844,266.15399169921875,73.25398254394531,245.7655792236328
2018-07-24,543.1547241210938,507.1279296875,263.523681640625,261.2173156738281,73.5787353515625,246.2269287109375
2018-07-25,529.3795166015625,509.61700439453125,263.81182861328125,261.74481201171875,73.53234100341797,250.84051513671875
2018-07-26,538.7288208007812,514.8414306640625,274.37774658203125,261.01824951171875,75.01690673828125,265.465576171875
2018-07-27,550.2661743164062,517.0838623046875,281.6298522949219,260.9883728027344,76.08393859863281,264.5889587402344
2018-07-30,566.5778198242188,509.5112609863281,295.22149658203125,259.8238525390625,79.70256042480469,274.4159240722656
2018-07-31,547.4315795898438,511.7654113769531,292.2438049316406,260.1423645019531,78.96028137207031,270.81732177734375
2018-08-01,542.2099609375,506.8814697265625,287.4891052246094,261.306884765625,81.09434509277344,272.2936706542969
2018-08-02,544.2986450195312,500.1893310546875,286.7686767578125,254.83741760253906,79.00667572021484,271.1864013671875
2018-08-03,571.6502685546875,498.1817932128906,292.9642028808594,260.6698913574219,81.79022979736328,276.1229248046875
2018-08-06,593.581298828125,496.4559020996094,302.6656494140625,255.3549346923828,83.55315399169922,284.6580810546875
2018-08-07,589.8515625,500.35382080078125,300.79254150390625,255.53414916992188,76.87261199951172,280.55194091796875
2018-08-08,593.0840454101562,501.6334533691406,306.12359619140625,256.4497985839844,74.64576721191406,284.8426513671875
2018-08-09,617.7005615234375,497.4421691894531,319.8592834472656,254.25018310546875,77.38292694091797,292.8702697753906
2018-08-10,612.1804809570312,496.4912414550781,315.6329040527344,255.89244079589844,77.24375915527344,280.9210510253906
2018-08-13,601.6376953125,491.1375427246094,312.078857421875,256.22088623046875,74.59937286376953,271.41705322265625
2018-08-14,614.7167358398438,490.538818359375,319.3310241699219,257.3853759765625,74.13544464111328,272.109130859375
2018-08-16,620.0875854492188,487.3923645019531,321.10791015625,247.91009521484375,75.6664047241211,270.0791931152344
2018-08-17,623.9168701171875,487.7797546386719,326.5830383300781,251.4633331298828,77.4293212890625,278.752685546875
2018-08-20,621.0325317382812,492.2059020996094,325.09417724609375,253.75253295898438,78.12521362304688,283.873779296875
2018-08-21,632.3212890625,492.1706848144531,325.4784240722656,251.49317932128906,77.6148910522461,283.2740173339844
2018-08-23,628.3427734375,488.37847900390625,323.8935546875,248.367919921875,78.40357208251953,279.0756530761719
2018-08-24,636.4489135742188,486.0187072753906,318.53875732421875,249.72154235839844,79.60978698730469,277.230224609375
2018-08-27,646.693359375,488.5077209472656,327.9458312988281,253.78237915039062,79.0994644165039,284.1966857910156
2018-08-28,656.490234375,491.8889465332031,326.9809875488281,255.8128204345703,76.91900634765625,281.7514953613281
2018-08-29,653.3572387695312,488.0497741699219,328.6694641113281,256.5094909667969,78.07882690429688,285.7653503417969
2018-08-30,646.2457885742188,485.1381530761719,332.23931884765625,254.409423828125,78.96028137207031,284.7503662109375
2018-08-31,645.7484130859375,483.987548828125,330.55084228515625,256.24078369140625,81.79022979736328,285.67303466796875
2018-09-03,628.3925170898438,487.2397155761719,322.3980407714844,252.6278533935547,80.1200942993164,282.67425537109375
2018-09-04,638.338623046875,481.7804260253906,316.9467468261719,250.33865356445312,77.15097045898438,273.49322509765625
2018-09-05,634.2111206054688,480.38330078125,318.0563049316406,246.4669189453125,77.10457611083984,273.6316223144531
2018-09-06,634.7581176757812,481.8743591308594,317.0914611816406,250.9955291748047,77.24375915527344,273.5393371582031
2018-09-07,642.068359375,482.9896545410156,323.31463623046875,247.82052612304688,78.31078338623047,269.1103210449219
2018-09-10,648.23486328125,479.27972412109375,321.1920166015625,243.5208282470703,76.73343658447266,262.8358459472656
2018-09-11,646.6436767578125,469.7112121582031,315.0653076171875,240.14674377441406,75.80558013916016,260.7596740722656
2018-09-12,632.0228881835938,472.3997802734375,311.543701171875,244.9241943359375,75.2952651977539,263.25103759765625
2018-09-14,632.9678344726562,476.567626953125,316.80206298828125,246.74560546875,76.82621765136719,268.1875915527344
2018-09-17,622.5740966796875,467.78582763671875,314.2452392578125,244.9241943359375,77.01178741455078,263.25103759765625
2018-09-18,605.317626953125,467.0813903808594,307.6361389160156,241.91836547851562,73.5787353515625,252.63978576660156
2018-09-19,605.5165405273438,460.54193115234375,309.66229248046875,244.2274932861328,73.53234100341797,250.51754760742188
2018-09-21,595.9683837890625,462.6317443847656,305.94769287109375,234.9313507080078,67.59407806396484,249.68710327148438
2018-09-24,594.1283569335938,452.1710205078125,297.891357421875,228.66094970703125,64.2074203491211,243.92015075683594
2018-09-25,611.03662109375,458.4404296875,300.1587219238281,235.55838012695312,62.1197509765625,249.96392822265625
2018-09-26,614.1199340820312,462.150390625,302.0883483886719,232.78150939941406,62.21253967285156,243.45877075195312
2018-09-27,596.9132690429688,464.0171203613281,295.8652038574219,227.41680908203125,57.990806579589844,244.8428497314453
2018-09-28,609.9425659179688,471.0379638671875,294.80389404296875,227.2476043701172,55.39281463623047,244.9812774658203
2018-10-01,590.2493896484375,477.9412841796875,302.9566955566406,223.34600830078125,58.64030456542969,252.68597412109375
2018-10-03,569.1636352539062,476.9316101074219,293.0189514160156,218.61831665039062,59.985694885253906,250.7021026611328
2018-10-04,583.0881958007812,459.6966552734375,305.3688049316406,213.890625,60.124874114990234,250.37911987304688
2018-10-05,565.4340209960938,461.4694519042969,296.4923400878906,209.4515838623047,59.243408203125,238.3838348388672
2018-10-08,553.54833984375,456.702880859375,299.91754150390625,219.82264709472656,58.315555572509766,245.2119140625
2018-10-09,549.8682861328125,455.6696472167969,295.4792785644531,220.64874267578125,58.12998580932617,242.62832641601562
2018-10-10,586.0222778320312,461.9038391113281,308.6009826660156,226.48123168945312,61.51665496826172,257.1149597167969
2018-10-11,577.7174072265625,454.95355224609375,300.73760986328125,222.06207275390625,59.66094970703125,241.89016723632812
2018-10-12,581.7455444335938,465.35552978515625,308.166748046875,232.33360290527344,61.70222091674805,243.36651611328125
2018-10-15,573.4405517578125,471.5075378417969,302.3296203613281,232.990478515625,62.67646408081055,242.8590087890625
2018-10-16,585.6741333007812,467.91497802734375,309.3728332519531,234.0455322265625,64.90330505371094,249.4102783203125
2018-10-17,572.9432373046875,463.6532287597656,303.72857666015625,234.09527587890625,61.70222091674805,240.96743774414062
2018-10-19,559.5159912109375,462.0447692871094,304.3557434082031,238.6637420654297,61.2382926940918,240.9213104248047
2018-10-22,559.018798828125,469.3590087890625,315.59600830078125,231.70655822753906,60.95993423461914,240.22927856445312
2018-10-23,559.7149658203125,466.0599365234375,311.4954833984375,233.7867431640625,60.0784797668457,235.89248657226562
2018-10-24,561.0576782226562,467.7975769042969,310.67535400390625,234.31427001953125,61.05272674560547,235.9386444091797
2018-10-25,558.0241088867188,462.2912902832031,308.6974792480469,236.04608154296875,60.913543701171875,230.26394653320312
2018-10-26,534.8001098632812,460.5067443847656,304.5486755371094,230.63165283203125,61.377471923828125,228.92599487304688
2018-10-29,563.6436767578125,452.3119812011719,337.1117248535156,226.55088806152344,65.78477478027344,247.1957550048828
2018-10-30,559.6652221679688,449.1302490234375,333.5418395996094,223.7042999267578,67.31573486328125,252.04000854492188
2018-10-31,579.2589721679688,448.8955078125,342.51470947265625,222.77871704101562,68.33637237548828,259.6524658203125
2018-11-01,598.9025268554688,449.0010986328125,341.260498046875,220.86770629882812,68.9394760131836,263.8046569824219
2018-11-02,607.356689453125,457.7476806640625,341.9841003417969,225.5755157470703,64.06824493408203,263.2972106933594
2018-11-05,621.0325317382812,459.2857360839844,337.3529357910156,224.82901000976562,65.32084655761719,272.1552429199219
2018-11-06,604.1738891601562,457.0668029785156,340.68157958984375,224.00289916992188,65.50640869140625,264.3122253417969
2018-11-07,603.5771484375,459.74359130859375,343.38311767578125,225.79444885253906,65.83116912841797,264.4044189453125
2018-11-09,609.8928833007812,456.7967834472656,344.2997131347656,226.04327392578125,66.48066711425781,261.3594665527344
2018-11-12,603.2786865234375,451.0791931152344,339.9579772949219,229.65623474121094,65.41363525390625,256.4690856933594
2018-11-13,614.96533203125,452.6523742675781,348.2072448730469,232.08474731445312,64.94970703125,256.5613098144531
2018-11-14,609.3955688476562,459.6966552734375,353.7068176269531,224.91859436035156,65.64559936523438,261.68243408203125
2018-11-15,622.7232666015625,463.7823181152344,356.9871826171875,231.3582000732422,66.01673889160156,263.3432922363281
2018-11-16,616.457275390625,470.62701416015625,354.6234130859375,232.62222290039062,67.91883850097656,268.41827392578125
2018-11-19,612.9761352539062,472.8811950683594,349.6545104980469,233.94601440429688,68.0116195678711,265.8807678222656
2018-11-20,609.3458862304688,472.5406494140625,345.3127746582031,232.89097595214844,66.15591430664062,261.5439758300781
2018-11-21,623.46923828125,474.01995849609375,344.2032165527344,234.23460388183594,67.45490264892578,264.8658447265625
2018-11-22,611.235595703125,470.9087829589844,339.66851806640625,233.02035522460938,66.52704620361328,260.8520202636719
2018-11-26,627.6466064453125,481.3107604980469,343.8172912597656,233.0104217529297,66.10951232910156,264.2660217285156
2018-11-27,621.8778686523438,484.6451110839844,342.1770935058594,233.6076202392578,67.22293853759766,267.0341796875
2018-11-28,624.5634155273438,490.5740051269531,346.37408447265625,230.9600830078125,64.57855987548828,262.5589599609375
2018-11-29,627.9948120117188,500.38897705078125,349.4615478515625,241.45057678222656,64.62496185302734,264.2660217285156
2018-11-30,622.3751831054688,499.7784729003906,342.65948486328125,245.63084411621094,64.85692596435547,262.6512756347656
2018-12-03,621.4303588867188,496.22119140625,342.9971618652344,244.06822204589844,66.29508972167969,264.6351318359375
2018-12-04,619.8886108398438,489.70526123046875,345.36102294921875,243.90896606445312,64.53217315673828,260.7135925292969
2018-12-05,611.6334838867188,492.9103698730469,339.0413513183594,241.16195678710938,63.97545623779297,258.4990539550781
2018-12-06,596.8137817382812,492.4055480957031,335.4232177734375,234.94129943847656,61.331077575683594,254.3468475341797
2018-12-07,600.6928100585938,494.8828125,339.8132629394531,254.72792053222656,61.2382926940918,254.1161651611328
2018-12-10,587.1163940429688,490.4565734863281,334.16900634765625,238.54429626464844,60.17125701904297,253.0089111328125
2018-12-11,600.9911499023438,483.60015869140625,330.74383544921875,242.59519958496094,63.74348831176758,259.5140075683594
2018-12-12,616.6065063476562,489.646484375,337.64239501953125,246.26783752441406,65.69198608398438,263.2049255371094
2018-12-13,615.760986328125,493.40350341796875,337.2564392089844,251.6922607421875,66.20230102539062,266.6650695800781
2018-12-14,616.9048461914062,492.0884704589844,339.5238037109375,250.0101776123047,67.40851593017578,266.8496398925781
2018-12-17,613.8215942382812,500.1893310546875,345.84344482421875,243.3416748046875,67.59407806396484,267.12640380859375
2018-12-18,616.0595092773438,501.4221496582031,349.509765625,246.25790405273438,68.89308166503906,270.125244140625
2018-12-19,638.1895141601562,498.6044616699219,353.6103210449219,243.97866821289062,71.39828491210938,277.4609069824219
2018-12-20,629.5363159179688,501.89178466796875,349.41326904296875,246.09864807128906,70.60960388183594,271.3248291015625
2018-12-21,617.5015869140625,495.71630859375,341.742919921875,244.28720092773438,70.84156799316406,269.3409729003906
2018-12-24,611.6831665039062,488.5546875,340.3438720703125,246.53659057617188,71.16631317138672,270.4020690917969
2018-12-26,616.1588134765625,498.3462219238281,343.3348693847656,248.45751953125,72.14057159423828,271.41705322265625
2018-12-27,614.219482421875,494.283935546875,343.14190673828125,246.88494873046875,72.32613372802734,269.5716247558594
2018-12-28,621.678955078125,498.4752197265625,348.0625,247.10391235351562,72.79005432128906,272.0168762207031
2018-12-31,616.5567626953125,498.19354248046875,347.4836120605469,250.11965942382812,72.4653091430664,273.0318298339844
2019-01-01,623.9168701171875,504.3924255371094,350.9570007324219,248.9153594970703,74.04267120361328,276.4459228515625
2019-01-02,616.7059326171875,499.79022216796875,351.77716064453125,246.95460510253906,72.23335266113281,271.1864013671875
2019-01-03,604.6712036132812,495.86895751953125,350.4745788574219,245.8896484375,72.23335266113281,268.6028137207031
2019-01-04,616.25830078125,497.1955871582031,352.3560485839844,248.41770935058594,75.4344482421875,274.6466064453125
2019-01-07,634.0120239257812,497.9469909667969,354.76812744140625,248.1489715576172,74.7385482788086,273.4009094238281
2019-01-08,647.3895874023438,493.80255126953125,366.7802429199219,244.62559509277344,75.80558013916016,281.70538330078125
2019-01-09,666.4859619140625,497.04296875,368.8063659667969,246.48680114746094,74.87773132324219,281.70538330078125
2019-01-10,659.6729125976562,495.093994140625,366.1531066894531,242.76438903808594,75.38805389404297,281.93603515625
2019-01-11,662.9054565429688,495.8924255371094,365.23651123046875,243.490966796875,74.83133697509766,279.3524475097656
2019-01-14,655.6448364257812,493.4855651855469,360.2193908691406,241.2117156982422,76.54785919189453,277.1840515136719
2019-01-15,657.0372314453125,498.24053955078125,359.6404724121094,241.54014587402344,76.03754425048828,278.3374328613281
2019-01-16,660.4189453125,497.8412780761719,362.1007995605469,239.42015075683594,78.17161560058594,279.7215576171875
2019-01-17,673.000732421875,500.68255615234375,361.4254455566406,242.84402465820312,78.44996643066406,274.4159240722656
2019-01-18,661.0156860351562,500.2011413574219,358.9168701171875,246.87496948242188,76.87261199951172,272.1552429199219
2019-01-21,656.7388916015625,504.4042053222656,358.6274719238281,252.32925415039062,74.46019744873047,269.8484802246094
2019-01-22,658.03173828125,501.5160827636719,356.07061767578125,257.13653564453125,72.92923736572266,267.8185119628906
2019-01-23,658.03173828125,494.3660888671875,354.47869873046875,254.1008758544922,72.14057159423828,264.4967346191406
2019-01-24,660.0709228515625,493.62652587890625,351.9700927734375,252.35911560058594,72.4653091430664,265.78851318359375
2019-01-25,666.137939453125,492.1589660644531,344.63739013671875,252.04058837890625,71.07353210449219,263.3432922363281
2019-01-28,652.7603759765625,489.3764343261719,331.4674377441406,250.90594482421875,70.60960388183594,259.8370056152344
2019-01-29,657.1864624023438,483.142333984375,334.65142822265625,249.10446166992188,71.72303009033203,258.914306640625
2019-01-30,687.2235717773438,477.76513671875,353.0313720703125,243.29188537597656,71.67664337158203,265.23492431640625
2019-01-31,718.80224609375,488.3902893066406,351.6324462890625,249.9703826904297,71.90859985351562,270.9557189941406
2019-02-01,713.3817138671875,490.85577392578125,342.1770935058594,249.96041870117188,68.5683364868164,262.4205627441406
2019-02-04,716.6141967773438,494.24871826171875,342.0805358886719,253.24493408203125,67.87244415283203,262.00537109375
2019-02-05,725.5656127929688,496.3972473144531,340.2474365234375,254.62838745117188,68.10441589355469,262.6512756347656
2019-02-06,721.8358764648438,498.41656494140625,346.66351318359375,254.6980438232422,69.7745361328125,266.71124267578125
2019-02-07,726.212158203125,497.148681640625,346.036376953125,255.70330810546875,70.19207763671875,265.188720703125
2019-02-08,715.5200805664062,498.41656494140625,342.61126708984375,258.6593933105469,66.06312561035156,263.8969421386719
2019-02-11,707.0161743164062,502.40838623046875,337.73883056640625,259.08734130859375,65.7383804321289,258.822021484375
2019-02-12,701.7944946289062,500.0719909667969,332.19110107421875,258.5101013183594,66.20230102539062,254.1161651611328
2019-02-14,691.251708984375,495.4931945800781,331.8533630371094,256.15118408203125,67.0373764038086,246.4575958251953
2019-02-15,682.89697265625,493.2507629394531,330.1166687011719,255.52420043945312,64.99610137939453,242.62832641601562
2019-02-18,689.5608520507812,490.7265625,326.8363037109375,254.21038818359375,64.0218505859375,239.86019897460938
2019-02-19,689.312255859375,489.3529968261719,331.17803955078125,254.88719177246094,64.90330505371094,242.5821990966797
2019-02-20,696.5728759765625,495.0588684082031,333.0594482421875,256.73846435546875,65.97034454345703,247.01124572753906
2019-02-21,693.4398193359375,496.8316650390625,338.9448547363281,256.6190185546875,67.87244415283203,247.28805541992188
2019-02-22,698.2636108398438,491.090576171875,339.66851806640625,246.41712951660156,67.91883850097656,250.01007080078125
2019-02-25,699.90478515625,499.0623474121094,343.0936279296875,247.0242919921875,68.19718933105469,249.2718963623047
2019-02-26,706.3200073242188,495.5988464355469,335.9538879394531,246.0688018798828,66.66622924804688,245.7655792236328
2019-02-27,714.3265991210938,491.2784423828125,333.3971252441406,242.08758544921875,66.34148406982422,246.965087890625
2019-02-28,705.7232055664062,487.8266906738281,337.8353271484375,241.4804229736328,67.08377075195312,248.25689697265625
2019-03-01,698.61181640625,489.1886901855469,341.79107666015625,244.0383758544922,71.11992645263672,251.8555145263672
2019-03-05,728.1018676757812,494.765380859375,350.4745788574219,246.9247283935547,76.68704223632812,255.0850067138672
2019-03-06,716.713623046875,494.09613037109375,358.86865234375,247.09393310546875,76.455078125,256.60748291015625
2019-03-07,729.792724609375,499.3205871582031,357.75909423828125,246.27780151367188,79.28502655029297,259.9753723144531
2019-03-08,729.4447021484375,499.7197570800781,357.5661315917969,246.61619567871094,77.75407409667969,259.4679260253906
2019-03-11,730.5386962890625,499.7784729003906,362.6314697265625,248.73619079589844,79.65616607666016,265.1426086425781
2019-03-12,738.5452270507812,509.76959228515625,374.5471496582031,251.4832305908203,79.23863220214844,264.7274169921875
2019-03-13,734.019775390625,522.8132934570312,378.1169738769531,251.06521606445312,78.72832489013672,270.4943542480469
2019-03-14,736.6057739257812,522.3905029296875,374.2576599121094,252.59796142578125,78.357177734375,269.3409729003906
2019-03-15,731.1353759765625,529.02392578125,381.3973693847656,263.7851867675781,79.84173583984375,275.338623046875
2019-03-18,742.9712524414062,531.0079956054688,384.0506896972656,267.4678039550781,80.39845275878906,275.84613037109375
2019-03-19,756.7962646484375,532.4873046875,384.38836669921875,268.283935546875,83.97068786621094,279.6292419433594
2019-03-20,751.6740112304688,539.8251342773438,379.08184814453125,269.0503234863281,86.8006362915039,280.3212890625
2019-03-22,752.9671020507812,534.4597778320312,378.0205078125,265.9947814941406,84.94493865966797,275.01568603515625
2019-03-25,741.6782836914062,535.6690063476562,370.0124206542969,260.50067138671875,83.78511810302734,271.2786865234375
2019-03-26,753.0167846679688,542.72509765625,380.2396545410156,267.32843017578125,85.8263931274414,280.04449462890625
2019-03-27,755.2048950195312,539.9307250976562,379.3713073730469,265.3179626464844,86.66146087646484,284.93487548828125
2019-03-28,776.489501953125,540.7174682617188,386.4627685546875,266.8905334472656,88.47077178955078,294.34661865234375
2019-04-01,761.470947265625,542.8306884765625,384.2436828613281,266.6217956542969,90.46566009521484,297.80682373046875
2019-04-02,763.2613525390625,538.8507690429688,383.1823425292969,266.6317443847656,91.20793914794922,303.5737609863281
2019-04-03,757.3930053710938,538.3575439453125,378.3099670410156,265.586669921875,87.63570404052734,295.73065185546875
2019-04-04,758.03955078125,536.2911376953125,375.0777893066406,263.3372802734375,86.89342498779297,296.93017578125
2019-04-05,758.0892944335938,541.3749389648438,376.814453125,265.93505859375,86.38310241699219,292.54730224609375
2019-04-08,750.5302734375,537.5709838867188,373.4858093261719,267.3881530761719,86.38310241699219,288.6257629394531
2019-04-09,759.2828369140625,537.0661010742188,383.1823425292969,267.0298767089844,87.54292297363281,290.425048828125
2019-04-10,756.74658203125,525.3491821289062,380.33612060546875,268.71197509765625,86.61506652832031,286.8725891113281
2019-04-11,748.24267578125,530.08056640625,376.3320617675781,267.3782043457031,86.011962890625,290.56341552734375
2019-04-12,760.2277221679688,531.9003295898438,380.7220153808594,267.4279479980469,86.61506652832031,290.88641357421875
2019-04-15,758.7357788085938,537.4299926757812,378.9371032714844,273.4794006347656,87.07899475097656,291.2093811035156
2019-04-16,766.9412231445312,541.2457275390625,392.6859436035156,275.9776611328125,86.10475158691406,291.3477478027344
2019-04-18,767.0407104492188,538.5689086914062,390.1773681640625,272.6434020996094,83.55315399169922,286.7803039550781
2019-04-22,751.4254150390625,532.7102661132812,380.6256103515625,270.0655517578125,80.39845275878906,286.0882873535156
2019-04-23,749.1875610351562,527.2158813476562,382.55523681640625,269.7967834472656,80.90877532958984,281.65924072265625
2019-04-24,748.7896728515625,535.3049926757812,386.993408203125,272.06610107421875,81.9758071899414,286.7341613769531
2019-04-25,736.9041748046875,531.4776000976562,381.493896484375,270.8020324707031,80.49124145507812,282.5357971191406
2019-04-26,755.8016967773438,535.5868530273438,392.87890625,274.5543212890625,81.79022979736328,288.34893798828125
2019-04-30,762.7142333984375,544.1573486328125,393.1683349609375,276.00750732421875,78.77471160888672,285.9960021972656
2019-05-02,748.2923583984375,553.1622314453125,381.63861083984375,279.9488830566406,79.88813781738281,284.3350830078125
2019-05-03,753.2156982421875,556.01513671875,387.6688232421875,282.2281494140625,80.86237335205078,286.0421447753906
2019-05-06,743.4189453125,546.7401123046875,387.1864013671875,280.75506591796875,80.02731323242188,284.88873291015625
2019-05-07,737.8489990234375,545.3079223632812,372.9068908691406,280.3072509765625,77.89324951171875,281.84381103515625
2019-05-08,731.5332641601562,541.7622680664062,368.7581481933594,279.1228332519531,77.89324951171875,275.2002258300781
2019-05-09,727.0576171875,537.9232177734375,367.98626708984375,275.7984924316406,78.17161560058594,276.1690368652344
2019-05-10,731.085693359375,539.2380981445312,371.55621337890625,278.3166198730469,80.02731323242188,284.24285888671875
2019-05-13,728.1515502929688,537.0542602539062,363.06561279296875,276.56488037109375,74.04267120361328,283.1817321777344
2019-05-14,727.4056396484375,537.21875,367.02142333984375,275.2908630371094,76.96539306640625,290.3327941894531
2019-05-15,718.056396484375,536.9368896484375,363.7892761230469,277.84881591796875,76.36228942871094,287.9798583984375
2019-05-16,727.9029541015625,542.5606079101562,369.04754638671875,281.3025207519531,75.15608978271484,291.3477478027344
2019-05-17,744.9107666015625,554.6416625976562,375.9943542480469,290.6285095214844,76.77983093261719,294.5773010253906
2019-05-20,778.1803588867188,571.1368408203125,393.36126708984375,299.09857177734375,81.9758071899414,318.0604248046875
2019-05-21,768.7813110351562,564.4094848632812,386.0768737792969,296.18231201171875,79.88813781738281,311.46295166015625
2019-05-22,774.9479370117188,564.890869140625,391.093994140625,297.6453857421875,78.49635314941406,314.7386169433594
2019-05-23,772.212646484375,547.5973510742188,396.4005126953125,298.54119873046875,77.66128540039062,315.7536315917969
2019-05-24,788.922119140625,557.2831420898438,416.56549072265625,300.919921875,81.83663177490234,327.8873291015625
2019-05-27,809.510498046875,565.50146484375,420.1836242675781,304.44329833984375,82.81087493896484,333.74658203125
2019-05-28,804.0401611328125,567.3447265625,419.0257873535156,300.7806091308594,79.98091888427734,332.2240905761719
2019-05-29,800.3600463867188,567.5090942382812,408.41265869140625,301.3578796386719,75.85198211669922,321.70513916015625
2019-05-30,803.1946411132812,572.8275146484375,411.2106628417969,305.62774658203125,75.57361602783203,326.2264404296875
2019-05-31,803.940673828125,569.4932250976562,408.7986145019531,303.0001220703125,74.83133697509766,325.2575988769531
2019-06-03,808.2672119140625,576.9484252929688,408.0267333984375,304.8115539550781,76.13034057617188,327.9796142578125
2019-06-04,818.3623657226562,575.8213500976562,404.3603820800781,304.83148193359375,76.455078125,325.165283203125
2019-06-06,803.3438720703125,569.0235595703125,397.07586669921875,301.42755126953125,73.81069946289062,310.86322021484375
2019-06-07,799.6638793945312,574.7294311523438,401.94830322265625,300.9398498535156,73.48594665527344,315.61517333984375
2019-06-10,809.7590942382812,572.9801025390625,401.46588134765625,299.10845947265625,71.76942443847656,317.69134521484375
2019-06-11,810.4055786132812,574.905517578125,406.5312805175781,300.12371826171875,72.92923736572266,320.2749328613281
2019-06-12,809.162353515625,569.8923950195312,403.2990417480469,295.306396484375,73.48594665527344,317.41448974609375
2019-06-13,815.726806640625,574.0366821289062,404.8427734375,299.3871765136719,70.70238494873047,319.7212829589844
2019-06-14,796.87890625,571.7826538085938,403.0578918457031,293.3854675292969,71.21272277832031,317.2299499511719
2019-06-17,773.5056762695312,568.7066040039062,399.6327209472656,290.69818115234375,70.47042846679688,311.73980712890625
2019-06-18,771.566162109375,567.5912475585938,407.3031005859375,290.99676513671875,70.00650024414062,313.769775390625
2019-06-19,766.5435180664062,570.1976928710938,405.0357971191406,298.15301513671875,69.96011352539062,312.66253662109375
2019-06-20,767.2396240234375,573.2691040039062,418.1574401855469,302.24365234375,71.39828491210938,318.47564697265625
2019-06-21,766.8915405273438,570.3984375,415.6488342285156,296.5605163574219,71.35189819335938,322.39715576171875
2019-06-24,758.7357788085938,571.2843627929688,414.34637451171875,292.738525390625,71.30549621582031,325.90350341796875
2019-06-25,777.4343872070312,573.8242797851562,418.3986511230469,295.38604736328125,71.53746032714844,328.99456787109375
2019-06-26,784.3468627929688,583.0859985351562,423.2227783203125,296.7197265625,73.20759582519531,330.4709167480469
2019-06-27,796.133056640625,581.7630004882812,425.4419250488281,294.9282531738281,72.37252807617188,334.16180419921875
2019-06-28,804.1892700195312,577.380126953125,421.727294921875,294.0325012207031,73.81069946289062,333.3313903808594
2019-07-01,806.0791015625,587.2562255859375,423.56048583984375,294.8486022949219,75.01690673828125,333.6081848144531
2019-07-02,798.2713623046875,589.4888916015625,421.3896179199219,292.9176940917969,74.552978515625,336.3301696777344
2019-07-03,801.8519897460938,588.2249145507812,420.6177673339844,293.6144104003906,75.38805389404297,337.8526611328125
2019-07-04,805.4866943359375,586.8427124023438,420.8589782714844,298.15301513671875,76.13034057617188,339.006103515625
2019-07-05,802.7481689453125,584.1492309570312,421.0036926269531,302.0148010253906,75.89836883544922,342.0049133300781
2019-07-08,779.6447143554688,569.3115844726562,410.92120361328125,293.67413330078125,67.54769134521484,327.8411865234375
2019-07-09,782.9310302734375,562.1171875,413.42974853515625,291.19586181640625,68.9858627319336,331.71661376953125
2019-07-10,766.0514526367188,564.3854370117188,415.745361328125,293.7836608886719,67.50130462646484,326.8262023925781
2019-07-11,763.2132568359375,568.7327880859375,411.5483703613281,295.5950622558594,69.17143249511719,335.1306457519531
2019-07-12,752.6574096679688,565.60205078125,412.03076171875,295.4954833984375,69.96011352539062,335.4997863769531
2019-07-15,746.632568359375,565.802978515625,407.44781494140625,300.36517333984375,68.15078735351562,332.2240905761719
2019-07-16,757.8855590820312,564.9642333984375,409.6669921875,299.0406494140625,70.28485870361328,336.1918029785156
2019-07-17,749.4706420898438,566.44091796875,409.763427734375,305.64312744140625,69.9137191772461,343.61962890625
2019-07-18,737.3214721679688,569.85498046875,403.92620849609375,306.37005615234375,67.91883850097656,335.5458679199219
2019-07-19,726.2177124023438,561.2902221679688,395.869873046875,298.5328063964844,67.54769134521484,328.4871520996094
2019-07-22,724.4252319335938,542.7669067382812,397.9976806640625,289.6498718261719,67.26934051513672,323.7351379394531
2019-07-23,724.9729614257812,534.792724609375,398.4329528808594,297.556884765625,63.46514129638672,315.7536315917969
2019-07-24,709.3382568359375,538.9038696289062,395.09613037109375,298.1941833496094,63.27956008911133,313.35455322265625
2019-07-25,720.1431274414062,540.1207275390625,395.5797424316406,295.77435302734375,61.28468704223633,314.92315673828125
2019-07-26,726.8152465820312,538.0533447265625,402.1082458496094,301.1120300292969,63.093997955322266,316.12274169921875
2019-07-29,717.2551879882812,530.2564697265625,415.2619934082031,299.24981689453125,64.30020141601562,317.2299499511719
2019-07-30,704.6577758789062,532.1348266601562,411.39324951171875,298.4929504394531,62.073368072509766,302.23577880859375
2019-07-31,671.2970581054688,531.9931030273438,410.6678771972656,302.6456298828125,64.2074203491211,306.5264587402344
2019-08-01,666.5170288085938,526.108642578125,403.36553955078125,297.9154052734375,62.63007354736328,292.63958740234375
2019-08-02,671.048095703125,524.3446044921875,397.127197265625,300.2655334472656,62.769256591796875,284.6119689941406
2019-08-05,659.695556640625,516.0331420898438,389.4380798339844,290.8050842285156,61.795005798339844,277.0456848144531
2019-08-06,676.1766967773438,518.3656005859375,396.7886962890625,295.8241271972656,63.04759979248047,278.10675048828125
2019-08-07,657.2059326171875,517.157958984375,394.9993896484375,294.0316467285156,59.42898178100586,267.49554443359375
2019-08-08,657.3552856445312,528.7962646484375,400.8025207519531,299.2995910644531,61.841400146484375,271.60162353515625
2019-08-09,658.0523681640625,540.3637084960938,406.36383056640625,305.14520263671875,61.74861526489258,268.83349609375
2019-08-13,646.7495727539062,525.765380859375,396.7886962890625,301.0223693847656,60.63518524169922,261.4517517089844
2019-08-14,660.4423828125,527.920166015625,403.60736083984375,297.1187438964844,60.82075881958008,267.35711669921875
2019-08-16,672.8406982421875,527.5057983398438,405.2032165527344,298.54278564453125,63.18678283691406,268.41827392578125
2019-08-19,682.1517333984375,522.568603515625,409.5072021484375,298.0249328613281,62.44450759887695,264.6812744140625
2019-08-20,669.5543823242188,525.8245849609375,403.2204895019531,299.76763916015625,60.86715316772461,261.7746887207031
2019-08-21,661.9361572265625,527.0677490234375,398.5296630859375,299.8971252441406,59.42898178100586,255.9615478515625
2019-08-22,658.4009399414062,514.8136596679688,386.0045471191406,294.4200134277344,57.016563415527344,247.7955322265625
2019-08-23,661.1395263671875,512.1141967773438,382.42596435546875,292.8166809082031,59.011444091796875,250.1484832763672
2019-08-26,680.8572387695312,534.2425537109375,398.1427307128906,301.3012390136719,61.00633239746094,258.54522705078125
2019-08-27,680.1102905273438,535.1423950195312,404.8647155761719,299.06060791015625,62.305328369140625,263.62017822265625
2019-08-28,675.3800659179688,532.1942749023438,399.4001159667969,295.4954833984375,60.913543701171875,262.8819580078125
2019-08-29,658.4009399414062,527.3281860351562,391.1306457519531,288.9627990722656,60.356834411621094,253.2856903076172
2019-08-30,661.1395263671875,527.5650024414062,396.2084045410156,285.09893798828125,60.217655181884766,252.68597412109375
2019-09-03,643.01513671875,523.5394287109375,379.2825927734375,281.68316650390625,55.114463806152344,247.65711975097656
2019-09-04,644.6085205078125,532.2535400390625,384.4570617675781,284.1031188964844,55.578392028808594,253.83934020996094
2019-09-05,646.89892578125,529.2698974609375,376.2359313964844,280.8566589355469,56.69181442260742,252.1784210205078
2019-09-06,668.3095092773438,531.8154296875,378.50885009765625,287.11053466796875,56.877384185791016,252.77822875976562
2019-09-09,668.7577514648438,532.6915893554688,382.4743347167969,293.0357360839844,58.08359146118164,256.5152282714844
2019-09-11,678.865478515625,533.0940551757812,381.6521911621094,293.81256103515625,60.17125701904297,263.2049255371094
2019-09-12,660.1437377929688,537.7235107421875,389.4864807128906,290.2972412109375,59.89291000366211,264.8658447265625
2019-09-13,671.4464721679688,534.5504150390625,399.8353576660156,295.614990234375,60.217655181884766,269.1564025878906
2019-09-16,668.1104736328125,531.4010620117188,398.6263427734375,293.7626953125,59.89291000366211,262.69744873046875
2019-09-17,637.7870483398438,523.6342163085938,387.5036926269531,288.45489501953125,57.89802169799805,252.77822875976562
2019-09-18,645.7039184570312,518.0458984375,386.246337890625,291.731201171875,58.40834045410156,258.729736328125
2019-09-19,635.54638671875,521.4439086914062,373.91473388671875,289.3113098144531,57.48048782348633,252.87046813964844
2019-09-20,677.5211181640625,568.115966796875,403.8008117675781,306.4895324707031,60.95993423461914,278.3836364746094
2019-09-23,722.4833984375,595.4183349609375,431.6557922363281,326.7548522949219,62.0269660949707,289.5023193359375
2019-09-24,701.4711303710938,593.7843627929688,426.43304443359375,322.2736511230469,61.377471923828125,279.21405029296875
2019-09-25,692.0604248046875,587.1068115234375,419.952880859375,318.98736572265625,58.733089447021484,258.59130859375
2019-09-26,696.9898071289062,588.432861328125,437.12042236328125,324.016357421875,58.269161224365234,260.06768798828125
2019-09-27,697.6868896484375,589.2379150390625,434.4606628417969,327.33251953125,58.315555572509766,259.4679260253906
2019-09-30,682.1517333984375,581.3053588867188,419.46923828125,327.5216979980469,57.48048782348633,249.87164306640625
2019-10-01,676.3261108398438,591.41650390625,410.6678771972656,328.2685852050781,54.464962005615234,236.1693115234375
2019-10-03,665.6207885742188,579.4584350585938,413.2792053222656,321.8055725097656,54.789710998535156,234.50840759277344
2019-10-04,653.6707153320312,563.4274291992188,400.3189392089844,311.329345703125,53.76907730102539,230.6330108642578
2019-10-07,670.6497802734375,562.1014404296875,402.4467468261719,309.8355712890625,53.11958312988281,229.8487091064453
2019-10-09,683.4463500976562,581.6369018554688,422.3708190917969,321.1284484863281,54.23300552368164,240.78289794921875
2019-10-10,670.15185546875,568.5658569335938,409.7973937988281,315.64129638671875,52.377296447753906,234.50840759277344
2019-10-11,669.9028930664062,567.7371826171875,414.4882507324219,316.2288513183594,52.79483413696289,234.87750244140625
2019-10-14,680.657958984375,570.38916015625,414.7784118652344,315.78076171875,53.16597366333008,235.70794677734375
2019-10-15,687.1807861328125,579.2215576171875,417.6799621582031,321.77569580078125,53.722686767578125,238.4761199951172
2019-10-16,690.516845703125,578.298095703125,421.0167236328125,319.7740783691406,53.212364196777344,236.26156616210938
2019-10-17,707.3465576171875,577.777099609375,426.14288330078125,319.574951171875,54.789710998535156,244.9351348876953
2019-10-18,706.5996704101562,582.0394897460938,423.43475341796875,321.7059631347656,55.90313720703125,248.81051635742188
2019-10-22,709.786376953125,586.9174194335938,436.3466796875,324.4147033691406,56.3670654296875,249.59481811523438
2019-10-23,711.8775634765625,588.0067138671875,440.16705322265625,321.3873596191406,56.877384185791016,254.16226196289062
2019-10-24,704.7573852539062,585.4019165039062,439.8285827636719,321.2976989746094,55.439212799072266,242.2130889892578
2019-10-25,705.6536254882812,582.0394897460938,453.70770263671875,316.398193359375,56.32067108154297,259.7908630371094
2019-10-27,707.1473999023438,586.15966796875,454.1429138183594,317.27447509765625,56.552635192871094,260.0215148925781
2019-10-29,735.3795166015625,588.432861328125,461.7353210449219,313.7990417480469,57.48048782348633,258.9603576660156
2019-10-30,744.2923583984375,591.203369140625,455.6903991699219,314.4662780761719,59.10422897338867,267.49554443359375
2019-10-31,733.2882080078125,582.6787719726562,447.8561706542969,313.58990478515625,60.63518524169922,288.2566833496094
2019-11-01,745.1885375976562,587.2725830078125,447.08245849609375,314.6654052734375,62.305328369140625,289.3177795410156
2019-11-04,739.51220703125,585.757080078125,455.0617370605469,312.90277099609375,63.27956008911133,290.0097961425781
2019-11-05,734.981201171875,587.0120849609375,452.9823303222656,309.487060546875,60.0784797668457,294.5311584472656
2019-11-06,744.1428833007812,595.1340942382812,464.9270935058594,312.90277099609375,59.61455154418945,293.0086975097656
2019-11-07,731.6948852539062,598.472900390625,462.8475646972656,315.4819641113281,57.48048782348633,293.56231689453125
2019-11-08,722.4833984375,594.6369018554688,473.3899841308594,318.7184753417969,57.016563415527344,291.57843017578125
2019-11-11,730.6492309570312,598.97021484375,480.498779296875,322.0346374511719,57.2485237121582,293.654541015625
2019-11-13,708.2427978515625,595.5603637695312,469.8114013671875,319.8238830566406,55.94953155517578,283.0893859863281
2019-11-14,712.92333984375,603.3035278320312,482.2880554199219,318.1907043457031,55.94953155517578,282.3512878417969
2019-11-15,713.9191284179688,605.1978759765625,483.44873046875,323.1997375488281,57.43409729003906,297.0224609375
2019-11-18,719.9439697265625,597.6915283203125,481.9979248046875,324.08599853515625,57.89802169799805,299.9751892089844
2019-11-19,744.690673828125,602.3562622070312,477.30706787109375,323.408935546875,59.521766662597656,304.8655090332031
2019-11-20,745.6366577148438,603.0430297851562,478.75787353515625,318.5591735839844,59.28980255126953,303.38922119140625
2019-11-21,734.3339233398438,607.7789306640625,481.9012145996094,317.72259521484375,58.68669891357422,305.7421569824219
2019-11-22,729.055908203125,598.97021484375,480.498779296875,312.514404296875,59.05784225463867,303.8505554199219
2019-11-25,751.6117553710938,601.9774780273438,481.4659729003906,319.3956298828125,59.75373077392578,310.12506103515625
2019-11-26,749.1221923828125,603.84814453125,493.94268798828125,319.5450134277344,58.64030456542969,309.5714111328125
2019-11-27,749.7694702148438,605.4346923828125,488.913330078125,322.2337951660156,59.10422897338867,316.999267578125
2019-11-28,747.4789428710938,599.2307739257812,502.115478515625,321.65618896484375,62.1197509765625,322.3049011230469
2019-11-29,735.9769897460938,603.8007202148438,495.78033447265625,321.6960144042969,60.86715316772461,315.4306945800781
2019-12-02,741.2052612304688,599.4437255859375,494.1361389160156,325.2412109375,61.00633239746094,312.3395690917969
2019-12-03,730.3505249023438,594.5421752929688,492.63702392578125,327.9797668457031,58.36194610595703,310.2634582519531
2019-12-04,736.7737426757812,592.7662353515625,511.8840026855469,328.87603759765625,59.15062713623047,315.4306945800781
2019-12-05,726.2177124023438,589.9009399414062,510.771728515625,328.4876403808594,57.80523681640625,310.21734619140625
2019-12-06,714.6162109375,590.1140747070312,507.5800476074219,333.4668884277344,55.856746673583984,295.2693176269531
2019-12-09,728.9563598632812,588.6459350585938,509.2242431640625,330.4693908691406,56.413455963134766,292.224365234375
2019-12-10,712.7240600585938,591.748046875,511.35211181640625,331.0967712402344,55.34642791748047,289.17938232421875
2019-12-11,713.570556640625,591.3927612304688,516.04296875,335.9066467285156,55.25364303588867,288.6257629394531
2019-12-12,719.0974731445312,598.425537109375,517.7838745117188,341.6925048828125,56.413455963134766,296.9763488769531
2019-12-13,748.8731689453125,598.5438842773438,519.4280395507812,337.1415100097656,59.800113677978516,306.8493957519531
2019-12-16,744.1428833007812,595.465576171875,521.555908203125,339.3722229003906,59.10422897338867,306.2035217285156
2019-12-17,742.5496215820312,601.9774780273438,523.3935546875,341.2344055175781,60.032081604003906,307.17236328125
2019-12-18,738.7654418945312,612.041259765625,523.6353759765625,343.4352111816406,58.64030456542969,301.68218994140625
2019-12-19,739.4624633789062,610.3600463867188,522.4747314453125,344.4609375,59.011444091796875,302.7894592285156
2019-12-20,736.7737426757812,614.101318359375,528.1810913085938,337.13153076171875,59.985694885253906,311.73980712890625
2019-12-23,740.0599975585938,616.8008422851562,523.53857421875,339.5614013671875,59.05784225463867,306.71099853515625
2019-12-24,737.5704345703125,610.5257568359375,523.34521484375,340.8858642578125,58.918663024902344,305.8344421386719
2019-12-26,733.4376220703125,601.669677734375,521.0723266601562,337.4402770996094,58.269161224365234,304.35809326171875
2019-12-27,756.9893188476562,603.8244018554688,531.3728637695312,335.71746826171875,60.63518524169922,311.1861877441406
2019-12-30,750.9644165039062,607.2106323242188,526.1017456054688,336.6734619140625,59.75373077392578,308.5564270019531
2019-12-31,750.9644165039062,602.4510498046875,521.2174682617188,335.4684753417969,59.707332611083984,307.9566955566406
2020-01-01,745.5868530273438,605.529296875,519.137939453125,333.4170837402344,60.032081604003906,308.60260009765625
2020-01-02,753.8025512695312,609.3890991210938,522.861572265625,332.9191589355469,61.887786865234375,313.0777282714844
2020-01-03,739.8607788085938,600.6988525390625,521.1690063476562,330.0411376953125,60.356834411621094,307.9105224609375
2020-01-06,720.24267578125,587.6987915039062,508.4505310058594,329.13494873046875,56.97017288208008,294.34661865234375
2020-01-07,722.7322998046875,597.0047607421875,505.74237060546875,332.7797546386719,57.38770294189453,293.7929992675781
2020-01-08,721.4874877929688,595.4419555664062,508.69232177734375,329.593017578125,56.4598503112793,295.0847473144531
2020-01-09,739.76123046875,602.1195678710938,528.3745727539062,331.6245422363281,58.08359146118164,304.6810302734375
2020-01-10,736.972900390625,607.4710693359375,522.523193359375,335.5381774902344,57.94441604614258,306.5726013183594
2020-01-13,734.3339233398438,609.0339965820312,520.9271850585938,336.8128967285156,58.64030456542969,305.18853759765625
2020-01-14,744.7901611328125,610.6914672851562,519.9600219726562,333.96478271484375,58.269161224365234,302.6510314941406
2020-01-15,743.1968994140625,608.2052001953125,518.0255737304688,333.7257995605469,58.82587432861328,299.1908264160156
2020-01-16,734.2343139648438,609.8154296875,519.5248413085938,338.8941955566406,58.77947998046875,298.3143005371094
2020-01-17,736.823486328125,605.3162231445312,514.5921630859375,338.20703125,58.68669891357422,293.42388916015625
2020-01-20,724.17626953125,594.305419921875,517.30029296875,322.2337951660156,57.155738830566406,289.7330322265625
2020-01-21,714.6162109375,589.3089599609375,513.6249389648438,323.6678161621094,57.016563415527344,289.4562072753906
2020-01-22,709.636962890625,587.6513671875,505.6939697265625,315.78076171875,56.59903335571289,291.716796875
2020-01-23,719.9937744140625,589.5457153320312,510.3848876953125,319.8338317871094,57.341312408447266,298.2220458984375
2020-01-24,734.3339233398438,589.4037475585938,516.3330688476562,327.22296142578125,57.85162353515625,299.0063171386719
2020-01-27,737.1720581054688,574.5567626953125,519.6214599609375,322.32342529296875,56.92377471923828,291.7630310058594
2020-01-28,734.0849609375,579.2926025390625,510.8685302734375,323.8570251464844,56.135101318359375,290.7480163574219
2020-01-29,732.19287109375,585.2835083007812,509.3209533691406,326.7250061035156,56.552635192871094,291.99371337890625
2020-01-30,727.8609008789062,580.642333984375,514.7372436523438,324.295166015625,55.62478256225586,286.68804931640625
2020-01-31,726.267578125,580.7607421875,508.4021911621094,336.94232177734375,56.08871078491211,293.839111328125
2020-02-03,706.0021362304688,564.8955688476562,498.633544921875,333.855224609375,53.212364196777344,275.0617980957031
2020-02-04,712.0270385742188,582.4182739257812,513.3831176757812,338.24688720703125,52.70204544067383,282.58197021484375
2020-02-05,721.0394287109375,589.4511108398438,521.4107666015625,336.54400634765625,52.79483413696289,286.96484375
2020-02-06,733.8857421875,587.1541748046875,523.8287353515625,333.4071044921875,54.418575286865234,297.0686340332031
2020-02-07,745.0391845703125,588.2907104492188,518.8477783203125,329.2345275878906,54.5577507019043,295.7768249511719
2020-02-10,738.0184326171875,587.3909912109375,516.4298095703125,332.4709777832031,53.11958312988281,293.88525390625
2020-02-11,746.8317260742188,587.5330200195312,522.03955078125,334.0942077636719,52.84122085571289,299.2831115722656
2020-02-12,752.1096801757812,591.51123046875,531.2760620117188,341.5531005859375,51.49583435058594,295.453857421875
2020-02-13,744.690673828125,587.9119873046875,523.2484741210938,336.553955078125,51.40304946899414,302.1435546875
2020-02-14,733.4376220703125,577.4692993164062,527.8909912109375,334.7913513183594,50.28962707519531,294.7156677246094
2020-02-17,735.3297729492188,576.4274291992188,523.8287353515625,336.8128967285156,48.20195770263672,289.9175720214844
2020-02-18,730.5994873046875,574.5803833007812,523.44189453125,336.7929382324219,48.24835205078125,293.0086975097656
2020-02-19,737.96875,581.18701171875,526.9237670898438,338.8045654296875,48.897850036621094,295.59228515625
2020-02-20,741.2052612304688,576.4037475585938,529.0515747070312,335.7872009277344,49.03702163696289,302.3280944824219
2020-02-24,722.4335327148438,573.0175170898438,512.4642944335938,334.2535705566406,46.71739196777344,297.9913635253906
2020-02-25,725.7198486328125,568.447509765625,513.5281982421875,333.7655944824219,46.299861907958984,301.54376220703125
2020-02-26,726.3671264648438,567.9501953125,506.5160827636719,331.913330078125,45.60396957397461,302.8355712890625
2020-02-27,732.790283203125,568.0448608398438,498.4400939941406,335.1497802734375,43.56269454956055,297.0686340332031
2020-02-28,694.400634765625,557.7207641601562,480.9339904785156,322.7217712402344,41.799774169921875,279.5831298828125
2020-03-02,681.3551025390625,558.6442260742188,489.4936218261719,318.4695129394531,39.665714263916016,265.188720703125
2020-03-03,684.2927856445312,559.6861572265625,497.8598327636719,323.90679931640625,41.28945541381836,267.44940185546875
2020-03-04,679.3634033203125,544.0814208984375,491.6697998046875,320.2520446777344,41.24306106567383,263.25103759765625
2020-03-05,675.0813598632812,545.2653198242188,487.9461364746094,328.8959045410156,41.75338363647461,266.2037353515625
2020-03-06,654.91552734375,537.4747314453125,470.39166259765625,324.85284423828125,39.29457092285156,249.59481811523438
2020-03-09,620.957275390625,524.4037475585938,442.7301025390625,314.31689453125,36.88215637207031,233.86251831054688
2020-03-11,616.7747802734375,527.4821166992188,450.3708801269531,316.5375671386719,35.67594909667969,226.15785217285156
2020-03-12,540.9912109375,483.67523193359375,411.6833801269531,291.7909851074219,31.31503677368164,196.1695556640625
2020-03-13,566.4349975585938,506.644287109375,432.5263366699219,292.78680419921875,34.701698303222656,223.29742431640625
2020-03-16,506.4852600097656,473.3509826660156,389.67987060546875,275.5886535644531,33.21713638305664,206.08876037597656
2020-03-17,486.3194580078125,461.79547119140625,355.1996154785156,263.43939208984375,32.753204345703125,198.52247619628906
2020-03-18,471.4814147949219,415.2891845703125,343.39996337890625,233.4148406982422,34.098594665527344,198.568603515625
2020-03-19,426.4693603515625,424.12158203125,327.44134521484375,241.16249084472656,34.51613235473633,187.9112091064453
2020-03-20,426.3697509765625,418.1069641113281,334.35675048828125,251.41961669921875,35.30480194091797,193.632080078125
2020-03-23,307.3666076660156,365.39666748046875,274.6812744140625,218.7361602783203,32.84599304199219,167.56532287597656
2020-03-24,301.8894958496094,363.5733642578125,286.7711181640625,229.62071228027344,33.681060791015625,169.0416717529297
2020-03-25,325.4411315917969,405.746337890625,306.5017395019531,256.95648193359375,31.82535171508789,175.223876953125
2020-03-26,339.98046875,426.7499694824219,319.4136962890625,273.44757080078125,30.99028968811035,177.85360717773438
2020-03-27,358.254150390625,428.3365173339844,328.6986999511719,278.6558532714844,31.036684036254883,180.8063201904297
2020-03-30,366.6192321777344,393.85931396484375,303.1165771484375,257.66357421875,30.526363372802734,172.45571899414062
2020-03-31,377.4241027832031,408.18536376953125,313.1269836425781,258.131591796875,30.016040802001953,181.6367645263672
2020-04-01,357.1587219238281,392.9121398925781,300.9403991699219,235.34677124023438,28.253122329711914,172.13279724121094
2020-04-03,324.0968017578125,385.429443359375,277.2442932128906,227.22073364257812,27.510839462280273,161.93675231933594
2020-04-07,387.2331848144531,424.38201904296875,315.3998718261719,238.61312866210938,27.88197898864746,171.99436950683594
2020-04-08,389.7227783203125,420.97222900390625,308.4844970703125,236.54177856445312,28.299516677856445,168.8571319580078
2020-04-09,418.40301513671875,438.0923767089844,331.4552001953125,253.52085876464844,29.134580612182617,173.24005126953125
2020-04-13,417.2079772949219,424.0268249511719,319.80059814453125,249.13916015625,29.08818817138672,169.31849670410156
2020-04-15,415.5648498535156,408.8483581542969,316.6088562011719,233.77334594726562,28.85622787475586,168.25738525390625
2020-04-16,420.7929992675781,416.6388854980469,330.7781677246094,225.2290496826172,28.809833526611328,173.9320831298828
2020-04-17,476.80914306640625,431.10699462890625,363.227294921875,236.26295471191406,29.505722045898438,178.3149871826172
2020-04-20,454.0541687011719,447.4694519042969,349.44482421875,234.5700225830078,30.47996711730957,177.62295532226562
2020-04-21,418.9009094238281,436.4822082519531,320.961181640625,225.08961486816406,28.85622787475586,170.47189331054688
2020-04-22,429.3572692871094,439.7736511230469,324.9266662597656,229.47132873535156,28.85622787475586,174.1166229248047
2020-04-23,428.2618103027344,452.2526550292969,341.36883544921875,248.8901824951172,28.949010848999023,172.2711639404297
2020-04-24,402.2703857421875,444.24908447265625,323.86273193359375,246.87860107421875,28.02115821838379,165.85830688476562
2020-04-27,425.52325439453125,440.29461669921875,336.48455810546875,259.6352844238281,28.531478881835938,166.91943359375
2020-04-28,453.55621337890625,441.0997314453125,348.0424499511719,264.22613525390625,28.995403289794922,170.05667114257812
2020-04-29,437.2742004394531,462.74261474609375,358.2946472167969,264.4651794433594,29.969648361206055,175.408447265625
2020-04-30,443.0500793457031,474.4402770996094,367.6763916015625,270.31072998046875,29.969648361206055,175.7775115966797
2020-05-04,401.1251525878906,437.1215515136719,326.9577331542969,254.4967803955078,27.97476577758789,165.0278778076172
2020-05-05,387.3825378417969,431.65167236328125,319.9940185546875,246.63958740234375,27.093305587768555,157.2309112548828
2020-05-06,387.2331848144531,448.2035217285156,330.19781494140625,248.15328979492188,27.232481002807617,157.87681579589844
2020-05-07,395.6978454589844,438.0686950683594,325.7004089355469,238.961669921875,27.557231903076172,157.55386352539062
2020-05-08,380.4613952636719,439.9867858886719,326.6192321777344,242.4770050048828,27.093305587768555,153.7707061767578
2020-05-11,377.9718017578125,433.71173095703125,309.6451110839844,236.7011260986328,26.7221622467041,152.6634521484375
2020-05-12,385.2414855957031,426.96307373046875,310.66064453125,230.4771270751953,26.629379272460938,154.00140380859375
2020-05-13,412.2785949707031,439.3237609863281,326.9577331542969,236.35255432128906,28.39229965209961,160.64495849609375
2020-05-14,400.2786865234375,423.24542236328125,316.6571960449219,233.64390563964844,27.18609046936035,154.97024536132812
2020-05-15,386.93438720703125,420.61700439453125,312.1114501953125,234.67958068847656,26.7221622467041,153.5400390625
2020-05-18,357.30810546875,396.2272644042969,288.7054748535156,221.80335998535156,25.37677764892578,143.29788208007812
2020-05-19,353.0260009765625,393.3857727050781,290.4463806152344,225.14938354492188,24.68088722229004,140.99110412597656
2020-05-20,360.99273681640625,405.912109375,295.620849609375,231.05471801757812,24.68088722229004,141.54469299316406
2020-05-21,355.71478271484375,407.0724182128906,294.4118957519531,229.09291076660156,25.052030563354492,140.206787109375
2020-05-22,335.5489501953125,397.26910400390625,281.4999084472656,231.07461547851562,24.727279663085938,139.1918182373047
2020-05-26,339.880859375,403.686279296875,283.0957946777344,229.68043518066406,24.773672103881836,139.69927978515625
2020-05-27,385.390869140625,427.9576416015625,308.38775634765625,242.49688720703125,25.51595687866211,146.3428497314453
2020-05-28,389.3244323730469,447.6589050292969,316.1252746582031,244.8670196533203,24.820066452026367,145.9737548828125
2020-05-29,383.3493957519531,450.6899108886719,321.05792236328125,243.78155517578125,24.820066452026367,148.8341827392578
2020-06-01,395.29949951171875,467.7390441894531,328.1183776855469,248.6412353515625,27.093305587768555,156.90794372558594
2020-06-02,408.3948059082031,474.0614013671875,336.9681701660156,267.4625549316406,27.139699935913086,157.09251403808594
2020-06-03,407.8470458984375,484.1251525878906,345.1408996582031,276.1562805175781,28.067550659179688,161.3831024169922
2020-06-04,392.71026611328125,474.3929138183594,336.4361877441406,265.7696533203125,28.763442993164062,160.59881591796875
2020-06-05,403.61474609375,489.3819274902344,345.4794006347656,266.44683837890625,31.31503677368164,173.28616333007812
2020-06-08,428.46099853515625,481.11785888671875,347.99407958984375,266.2377624511719,30.248004913330078,172.36346435546875
2020-06-09,418.3034362792969,467.57330322265625,337.11322021484375,259.7448425292969,29.505722045898438,170.195068359375
2020-06-10,425.67266845703125,469.7281188964844,341.417236328125,265.3414611816406,31.40781593322754,173.19390869140625
2020-06-11,411.73089599609375,458.7171630859375,330.052734375,258.65936279296875,30.433576583862305,163.45924377441406
2020-06-12,406.30352783203125,465.4184265136719,332.9059753417969,254.89511108398438,30.665538787841797,165.30467224121094
2020-06-15,387.9800720214844,449.8373718261719,320.2358093261719,248.74081420898438,31.222253799438477,160.27587890625
2020-06-16,379.9635009765625,469.0413818359375,331.6969909667969,254.29762268066406,30.75832748413086,159.53768920898438
2020-06-17,387.9800720214844,463.7608642578125,330.7298278808594,247.72506713867188,30.75832748413086,159.58384704589844
2020-06-18,403.71435546875,483.0359191894531,340.4500427246094,259.5855407714844,31.454212188720703,165.76605224609375
2020-06-19,415.3158874511719,489.3819274902344,351.8628234863281,259.4162292480469,32.01092529296875,170.24122619628906
2020-06-22,428.3614196777344,487.2034912109375,355.48980712890625,269.9422607421875,33.21713638305664,173.19390869140625
2020-06-23,441.8053283691406,493.62060546875,363.8076171875,276.8235168457031,34.74809265136719,177.57679748535156
2020-06-24,422.8843078613281,488.97943115234375,336.6780090332031,267.6617736816406,33.86663055419922,170.33349609375
2020-06-25,419.94659423828125,487.2034912109375,339.4828186035156,275.1902770996094,34.423343658447266,170.93325805664062
2020-06-26,423.0834655761719,500.3218994140625,337.6451721191406,266.9048767089844,33.95941925048828,170.33349609375
2020-06-29,403.1168212890625,509.604248046875,331.8420715332031,270.00201416015625,32.799598693847656,165.39694213867188
2020-06-30,404.9591064453125,504.7735290527344,339.9181213378906,270.9580078125,32.242889404296875,164.65878295898438
2020-07-01,431.4485778808594,513.6533203125,352.1046142578125,270.2210998535156,33.77384567260742,170.51803588867188
2020-07-02,421.4403381347656,515.9265747070312,350.9439697265625,269.2749938964844,33.63467025756836,171.1177978515625
2020-07-03,426.66851806640625,508.6095886230469,349.15472412109375,269.633544921875,33.3563117980957,170.42575073242188
2020-07-06,432.1954650878906,522.3673706054688,349.97686767578125,272.4418029785156,34.423343658447266,173.51686096191406
2020-07-07,445.4898986816406,523.3855590820312,363.7108459472656,272.51153564453125,34.144989013671875,174.0243682861328
2020-07-08,442.30322265625,525.8482666015625,356.8438415527344,269.4244079589844,34.56252670288086,177.06930541992188
2020-07-09,451.8633117675781,532.7626342773438,358.1979064941406,272.4916076660156,34.423343658447266,183.712890625
2020-07-10,437.7721252441406,523.3618774414062,348.5260314941406,268.74725341796875,32.521244049072266,180.48336791992188
2020-07-13,438.2202453613281,511.59326171875,341.99749755859375,265.99871826171875,32.057315826416016,177.8074951171875
2020-07-14,415.9632263183594,501.4584655761719,334.211669921875,258.5797424316406,31.129465103149414,171.6714324951172
2020-07-15,424.8759765625,498.759033203125,334.4534912109375,256.9266357421875,30.6191463470459,169.59530639648438
2020-07-16,432.1954650878906,503.2107238769531,333.3411865234375,263.4294738769531,30.851110458374023,171.85597229003906
2020-07-17,431.2991943359375,520.2124633789062,342.1909484863281,264.3854675292969,31.175857543945312,173.65525817871094
2020-07-20,432.1954650878906,536.5987548828125,351.089111328125,262.7124328613281,32.057315826416016,176.0081787109375
2020-07-21,444.3446960449219,539.2034301757812,366.3706359863281,270.6692199707031,32.242889404296875,179.3760986328125
2020-07-22,476.9585266113281,533.425537109375,368.5951843261719,267.3530578613281,31.778963088989258,177.16159057617188
2020-07-23,458.9338073730469,535.3436889648438,379.3793029785156,273.66668701171875,31.82535171508789,182.9285430908203
2020-07-24,443.7471923828125,529.9920654296875,369.2721862792969,268.876708984375,31.129465103149414,177.11544799804688
2020-07-27,429.755615234375,511.2380676269531,346.7367248535156,263.41949462890625,29.969648361206055,172.68641662597656
2020-07-28,435.2327575683594,514.624267578125,340.5467834472656,275.6583557128906,29.784076690673828,174.80865478515625
2020-07-29,439.06671142578125,504.1816101074219,339.5311584472656,276.73388671875,30.387184143066406,176.42343139648438
2020-07-30,424.0793151855469,497.5751037597656,333.63134765625,275.8475646972656,29.459331512451172,172.13279724121094
2020-07-31,429.8551940917969,489.12158203125,335.42059326171875,272.0135803222656,29.644901275634766,176.65408325195312
2020-08-03,415.61468505859375,474.5350036621094,331.98712158203125,260.6212158203125,30.526363372802734,177.3922576904297
2020-08-04,427.3656005859375,493.3127746582031,339.4828186035156,263.6883850097656,30.15522003173828,176.79251098632812
2020-08-05,433.1414794921875,486.6351623535156,340.6434631347656,265.7298583984375,30.248004913330078,176.65408325195312
2020-08-06,431.1995849609375,492.86285400390625,346.9785461425781,266.9048767089844,30.016040802001953,176.19273376464844
2020-08-07,431.498291015625,494.3546447753906,346.2048034667969,267.3829345703125,30.433576583862305,175.91592407226562
2020-08-10,429.3074951171875,497.5751037597656,351.62103271484375,270.908203125,30.47996711730957,178.82249450683594
2020-08-11,446.13720703125,505.1524658203125,355.29638671875,271.7845458984375,30.47996711730957,179.9758758544922
2020-08-12,449.2243347167969,503.75531005859375,354.8127136230469,265.9090576171875,31.361427307128906,187.5883026123047
2020-08-13,446.2367858886719,501.55322265625,355.973388671875,266.13812255859375,30.851110458374023,186.29649353027344
2020-08-14,434.0377502441406,489.90289306640625,349.5415954589844,260.4020690917969,29.92325782775879,181.31381225585938
2020-08-17,436.3281555175781,489.09783935546875,348.3809509277344,264.4053955078125,30.108827590942383,178.17657470703125
2020-08-18,443.94635009765625,500.3455505371094,357.42413330078125,272.7305908203125,30.47996711730957,180.0220184326172
2020-08-19,442.35302734375,505.128662109375,362.1634216308594,269.9920349121094,31.73257064819336,181.82131958007812
2020-08-20,433.1414794921875,501.529541015625,355.6832275390625,266.5564270019531,32.56763458251953,179.6990509033203
2020-08-21,438.6186218261719,514.150634765625,358.9716491699219,266.7655029296875,33.07795715332031,183.0669708251953
2020-08-24,443.94635009765625,529.0213012695312,367.8698425292969,276.2957458496094,32.753204345703125,185.88125610351562
2020-08-25,449.92138671875,530.2762451171875,373.6728820800781,278.8550109863281,32.660423278808594,191.87892150878906
2020-08-26,461.4233703613281,529.6842041015625,376.5744934082031,286.14459228515625,32.84599304199219,193.632080078125
2020-08-27,471.08306884765625,526.677001953125,379.33099365234375,282.8184814453125,32.753204345703125,198.9838409423828
2020-08-28,507.0827331542969,527.8136596679688,396.2567443847656,292.1993103027344,34.376953125,207.4728240966797
2020-08-31,494.68450927734375,528.4530029296875,381.6521911621094,279.10394287109375,32.521244049072266,195.6159210205078
2020-09-01,483.68048095703125,533.8755493164062,378.12200927734375,284.9396057128906,32.19649887084961,201.24449157714844
2020-09-02,482.3858642578125,537.1196899414062,379.5243835449219,283.51556396484375,32.28927993774414,199.53746032714844
2020-09-03,472.9751892089844,535.5805053710938,370.1910400390625,278.17779541015625,32.01092529296875,196.67703247070312
2020-09-04,453.3072509765625,530.0869140625,360.3257141113281,274.8616943359375,31.222253799438477,190.63323974609375
2020-09-07,456.792724609375,525.9192504882812,361.1477966308594,272.6111145019531,31.361427307128906,191.83277893066406
2020-09-08,442.5024108886719,526.8427734375,363.37237548828125,269.01617431640625,31.222253799438477,188.28033447265625
2020-09-09,429.4568176269531,519.2890014648438,355.53814697265625,264.12652587890625,30.526363372802734,179.79135131835938
2020-09-10,444.9919738769531,516.47119140625,358.53643798828125,262.8020935058594,31.129465103149414,182.83628845214844
2020-09-11,445.340576171875,510.8354797363281,358.3429870605469,264.96307373046875,31.268648147583008,187.03465270996094
2020-09-14,438.71820068359375,501.0322265625,351.76611328125,259.8544006347656,31.175857543945312,183.15924072265625
2020-09-15,447.6807556152344,506.975830078125,359.3585510253906,263.6883850097656,30.897502899169922,184.6817169189453
2020-09-16,444.1455383300781,517.9393310546875,362.4051818847656,263.9771728515625,31.175857543945312,182.88243103027344
2020-09-17,441.05841064453125,513.1798095703125,356.8921813964844,259.9340515136719,30.851110458374023,180.344970703125
2020-09-18,441.50653076171875,500.7243957519531,357.42413330078125,254.35736083984375,30.248004913330078,177.71522521972656
2020-09-21,421.5897216796875,496.93572998046875,339.19268798828125,256.4984436035156,28.438692092895508,171.4407501220703
2020-09-22,410.286865234375,490.35284423828125,342.77130126953125,253.0528106689453,27.88197898864746,171.809814453125
2020-09-23,418.00469970703125,495.9648742675781,340.3049621582031,254.01878356933594,27.232481002807617,169.59530639648438
2020-09-24,400.7765808105469,487.9848937988281,324.6849060058594,248.1831512451172,26.026273727416992,162.72108459472656
2020-09-25,413.3241882324219,494.4256896972656,337.2099609375,249.5673828125,26.95412826538086,168.1189727783203
2020-09-28,437.423583984375,499.2562561035156,351.089111328125,254.67604064941406,27.97476577758789,172.77867126464844
2020-09-29,425.07513427734375,503.2107238769531,345.3343200683594,251.598876953125,27.000520706176758,170.74871826171875
2020-09-30,422.8843078613281,510.8117980957031,343.10980224609375,252.5847625732422,26.49020004272461,171.07164001464844
2020-10-01,441.8551025390625,524.2379760742188,357.0856628417969,259.9241027832031,25.979883193969727,175.59298706054688
2020-10-05,442.30322265625,527.7426147460938,360.8576965332031,261.826171875,26.258235931396484,174.16275024414062
2020-10-06,447.78033447265625,541.831787109375,368.11163330078125,266.5364685058594,26.304630279541016,176.79251098632812
2020-10-07,451.21600341796875,550.4273681640625,370.09429931640625,263.8377380371094,25.74791717529297,175.96205139160156
2020-10-08,450.02099609375,564.4219970703125,374.78515625,262.92156982421875,25.7943115234375,176.7002410888672
2020-10-09,466.1038513183594,584.1942749023438,388.3258056640625,262.871826171875,26.814950942993164,182.97470092773438
2020-10-12,466.0540466308594,574.7698364257812,390.7921447753906,261.487548828125,26.397417068481445,183.34378051757812
2020-10-13,459.43170166015625,567.5712890625,383.248046875,267.8708801269531,25.8407039642334,180.57562255859375
2020-10-14,469.34033203125,573.7515869140625,393.451904296875,269.5439453125,26.11905860900879,184.5894775390625
2020-10-15,460.676513671875,553.7425537109375,378.1703186035156,260.8203430175781,25.70152473449707,177.94590759277344
2020-10-16,470.4357604980469,567.99755859375,383.1029968261719,266.1979064941406,25.46956443786621,180.8063201904297
2020-10-19,490.90032958984375,569.986572265625,403.4139404296875,274.1944580078125,25.933488845825195,188.2341766357422
2020-10-20,491.89617919921875,579.6477661132812,400.9959411621094,272.6210632324219,25.37677764892578,187.35760498046875
2020-10-21,499.364990234375,590.421875,406.5089111328125,277.50067138671875,25.237600326538086,188.0034942626953
2020-10-22,508.1781921386719,584.0758666992188,399.35174560546875,277.45086669921875,25.237600326538086,187.5883026123047
2020-10-23,505.091064453125,585.259765625,403.2688293457031,275.4591979980469,25.423171997070312,187.12693786621094
2020-10-26,491.29864501953125,573.467529296875,391.1789855957031,282.2010192871094,25.979883193969727,181.49835205078125
2020-10-27,505.9873046875,583.9810180664062,396.4985656738281,316.208984375,25.37677764892578,179.60679626464844
2020-10-28,502.6014709472656,572.8517456054688,383.05462646484375,308.9791564941406,25.144813537597656,175.7313690185547
2020-10-29,491.79656982421875,562.2434692382812,386.7783203125,312.8728942871094,24.68088722229004,174.1166229248047
2020-10-30,490.4521484375,560.514892578125,379.71783447265625,308.1924743652344,24.820066452026367,174.62411499023438
2020-11-02,520.4768676757812,575.5276489257812,403.75244140625,314.8247375488281,25.933488845825195,180.8986053466797
2020-11-03,531.9290161132812,591.0138549804688,429.2862243652344,317.3940124511719,25.7943115234375,188.9262237548828
2020-11-04,522.9664306640625,595.4893798828125,422.7093200683594,324.78314208984375,25.46956443786621,191.00233459472656
2020-11-05,537.0575561523438,601.0775756835938,424.1117248535156,333.6958923339844,25.70152473449707,201.75198364257812
2020-11-06,539.4973754882812,619.287109375,428.2706604003906,342.1804504394531,25.74791717529297,202.2594757080078
2020-11-09,562.7005004882812,634.8681030273438,447.5176696777344,344.1920471191406,26.536592483520508,202.53628540039062
2020-11-10,581.17333984375,660.0156860351562,467.97369384765625,349.1313781738281,27.464445114135742,213.79344177246094
2020-11-11,606.1192016601562,658.2633666992188,470.5850830078125,360.06573486328125,27.139699935913086,216.10023498535156
2020-11-12,597.2064819335938,649.620361328125,461.058349609375,349.4899597167969,27.000520706176758,209.27212524414062
2020-11-13,607.8121337890625,643.5111694335938,469.617919921875,351.19281005859375,27.371662139892578,211.7173309326172
2020-11-14,610.6005249023438,648.6732177734375,470.92364501953125,352.6367492675781,27.464445114135742,211.90188598632812
2020-11-17,626.1854248046875,667.0247802734375,470.4400329589844,357.8350524902344,27.696407318115234,221.63650512695312
2020-11-18,633.6541748046875,667.1431274414062,481.3208923339844,364.5968322753906,28.6242618560791,232.52456665039062
2020-11-19,608.9573364257812,650.8753662109375,463.0410461425781,363.7503662109375,27.835588455200195,221.2213134765625
2020-11-20,605.322509765625,664.7515869140625,464.4435119628906,376.3078918457031,27.650014877319336,223.9894561767578
2020-11-23,593.1234741210938,660.465576171875,452.88555908203125,377.9908447265625,27.88197898864746,220.25244140625
2020-11-24,617.0736083984375,681.114013671875,462.50909423828125,383.37835693359375,28.206727981567383,225.0044403076172
2020-11-25,597.3557739257812,664.3489990234375,457.1895751953125,370.9402770996094,29.08818817138672,224.2201385498047
2020-11-26,610.0029907226562,675.64404296875,459.7042236328125,376.24810791015625,29.737686157226562,226.4807891845703
2020-11-27,599.0985107421875,682.3690185546875,457.8182373046875,379.8331604003906,31.036684036254883,225.37351989746094
2020-12-01,601.1400756835938,678.79345703125,469.1827087402344,373.60919189453125,31.964534759521484,228.87986755371094
2020-12-02,605.5714721679688,666.3143920898438,464.6852722167969,361.3304748535156,31.500608444213867,227.86485290527344
2020-12-03,600.1939697265625,652.2250366210938,466.0393371582031,362.6848449707031,33.21713638305664,236.49224853515625
2020-12-04,611.9449462890625,656.2032470703125,485.5765075683594,367.7137756347656,33.07795715332031,243.13583374023438
2020-12-07,616.6751708984375,649.8809204101562,493.700927734375,362.59515380859375,33.17074203491211,248.76443481445312
2020-12-08,618.0693969726562,651.7989501953125,491.7181701660156,365.2341613769531,37.67082595825195,250.88662719726562
2020-12-09,631.56298828125,666.4327392578125,494.7164611816406,375.1427307128906,36.557403564453125,249.45645141601562
2020-12-10,624.4426879882812,656.3216552734375,490.31573486328125,379.07635498046875,35.62955093383789,248.71824645996094
2020-12-11,610.7000732421875,654.8772583007812,498.5368347167969,382.4820861816406,37.57804489135742,251.3941192626953
2020-12-14,613.339111328125,649.83349609375,508.5472106933594,386.25628662109375,38.273929595947266,253.0089111328125
2020-12-15,604.57568359375,658.9027099609375,501.05145263671875,388.60650634765625,37.67082595825195,249.73324584960938
2020-12-16,603.5798950195312,668.09033203125,495.6352844238281,388.88531494140625,35.21201705932617,248.57984924316406
2020-12-17,602.8827514648438,682.81884765625,493.6524963378906,391.4546203613281,34.330562591552734,247.01124572753906
2020-12-18,606.9656982421875,668.3981323242188,500.1810302734375,388.24798583984375,33.91302490234375,250.47142028808594
2020-12-21,580.0780029296875,650.0703125,478.27423095703125,382.5717468261719,31.639780044555664,235.0159149169922
2020-12-22,587.2978515625,650.2833862304688,483.8839111328125,379.0066223144531,30.99028968811035,237.5533905029297
2020-12-23,589.9866333007812,651.4910888671875,487.0756530761719,382.5517883300781,29.505722045898438,242.67446899414062
2020-12-24,607.6627807617188,661.6495971679688,496.6991271972656,390.4886474609375,29.180973052978516,246.2269287109375
2020-12-28,615.0818481445312,669.1084594726562,503.03424072265625,396.12506103515625,30.062437057495117,253.93161010742188
2020-12-29,627.5796508789062,675.9044799804688,511.4487609863281,398.1963806152344,30.804719924926758,256.42291259765625
2020-12-30,622.5007934570312,678.41455078125,511.4004211425781,401.91094970703125,30.387184143066406,255.50021362304688
2020-12-31,617.8701782226562,680.2142333984375,517.49365234375,397.4595031738281,30.665538787841797,253.70098876953125
2021-01-01,621.2061767578125,674.8863525390625,510.1914367675781,397.1507873535156,32.28927993774414,257.8070068359375
2021-01-04,622.1024780273438,670.600341796875,514.2536010742188,391.4744873046875,32.985172271728516,259.3294982910156
2021-01-05,661.6871948242188,675.6676635742188,519.6214599609375,390.3193359375,33.03156280517578,259.9753723144531
2021-01-06,651.5296630859375,672.755126953125,528.761474609375,392.44049072265625,32.660423278808594,263.0203552246094
2021-01-07,668.3095092773438,670.7186889648438,523.34521484375,388.8554382324219,32.89238739013672,265.465576171875
2021-01-08,669.9028930664062,678.0120849609375,524.2639770507812,392.5002136230469,32.84599304199219,263.8969421386719
2021-01-11,664.1768798828125,687.3889770507812,526.8270263671875,386.017333984375,32.38206481933594,260.6674499511719
2021-01-12,672.890380859375,701.383544921875,530.018798828125,379.1061706542969,33.86663055419922,269.8946228027344
2021-01-13,684.9400634765625,696.48193359375,538.2399291992188,374.85394287109375,33.95941925048828,283.0893859863281
2021-01-14,673.189208984375,695.58203125,535.1448364257812,376.9551696777344,34.330562591552734,283.50469970703125
2021-01-15,672.0439453125,694.5875854492188,525.1828002929688,371.2290954589844,33.3563117980957,280.367431640625
2021-01-18,654.2681884765625,702.3780517578125,515.6561279296875,367.8532409667969,32.89238739013672,271.6939392089844
2021-01-19,665.9692993164062,712.2050170898438,528.5196533203125,375.82989501953125,33.86663055419922,275.523193359375
2021-01-20,672.9402465820312,706.593017578125,532.9203491210938,375.1527099609375,34.2841682434082,279.16790771484375
2021-01-21,673.039794921875,698.4473266601562,534.5645141601562,370.01416015625,33.07795715332031,272.06298828125
2021-01-22,641.8201293945312,683.647705078125,516.28466796875,364.0789794921875,32.057315826416016,261.7746887207031
2021-01-25,655.662353515625,692.7879638671875,520.395263671875,357.386962890625,31.686176300048828,259.23724365234375
2021-01-27,629.4717407226562,667.5693359375,505.2103576660156,351.47161865234375,30.943893432617188,254.3468475341797
2021-01-28,667.9112548828125,649.501953125,510.9168701171875,343.1364440917969,30.201614379882812,260.5290222167969
2021-01-29,660.1437377929688,658.5238647460938,519.3797607421875,341.1646728515625,30.943893432617188,260.2983703613281
2021-02-01,706.4004516601562,699.370849609375,583.9878540039062,358.8010559082031,33.17074203491211,286.68804931640625
2021-02-02,711.2303466796875,739.0574951171875,597.09326171875,370.7112731933594,33.588279724121094,307.3569030761719
2021-02-03,730.7488403320312,745.8060913085938,601.92919921875,368.8988037109375,35.58315658569336,309.9866943359375
2021-02-04,740.806884765625,747.8424682617188,607.6839599609375,380.49041748046875,37.57804489135742,327.6566467285156
2021-02-05,716.6078491210938,756.6038208007812,593.998291015625,394.8902587890625,37.2532958984375,362.71990966796875
2021-02-08,733.0891723632812,760.2268676757812,608.9412841796875,389.80145263671875,35.2584114074707,366.3646240234375
2021-02-09,739.4127197265625,763.3525390625,612.5682373046875,388.20819091796875,36.2326545715332,364.2884826660156
2021-02-10,731.7446899414062,749.0974731445312,611.4076538085938,388.7857360839844,36.603797912597656,361.9355773925781
2021-02-11,737.0226440429688,744.6458740234375,609.9568481445312,390.56829833984375,35.95429992675781,359.9978942871094
2021-02-12,747.2798461914062,749.1921997070312,626.3506469726562,388.5865478515625,36.000694274902344,362.7660217285156
2021-02-15,790.6984252929688,765.60205078125,651.8360595703125,395.53753662109375,36.69658279418945,375.49951171875
2021-02-16,771.8273315429688,770.361572265625,636.7479248046875,402.2494812011719,36.65019226074219,371.2550048828125
2021-02-17,774.51611328125,751.3471069335938,635.7807006835938,396.234619140625,38.691463470458984,379.9285583496094
2021-02-18,773.7692260742188,736.0975341796875,623.4974365234375,387.4712219238281,40.639957427978516,383.1119689941406
2021-02-19,746.532958984375,728.8990478515625,603.5733642578125,386.1368408203125,39.016212463378906,368.67138671875
2021-02-22,716.4585571289062,733.1139526367188,589.8392333984375,388.29779052734375,38.08835983276367,359.3981018066406
2021-02-23,712.9730834960938,724.186767578125,596.0777587890625,373.03155517578125,38.041969299316406,365.0267028808594
2021-02-24,746.2839965820312,760.795166015625,620.0639038085938,380.64971923828125,38.78425216674805,374.8536071777344
2021-02-25,767.4456176757812,760.7714233398438,607.393798828125,377.5227966308594,38.877037048339844,375.7763671875
2021-02-26,721.7862548828125,726.6732177734375,578.1363525390625,354.5886535644531,37.90279006958008,359.9978942871094
2021-03-01,725.5206909179688,738.2760620117188,588.3885498046875,367.54449462890625,37.85640335083008,364.42694091796875
2021-03-02,728.2094116210938,742.680419921875,590.468017578125,367.3951110839844,38.041969299316406,363.7348937988281
2021-03-03,750.8150634765625,751.5127563476562,611.3592529296875,378.3194274902344,40.407997131347656,373.7463684082031
2021-03-04,733.736328125,735.0320434570312,600.3817749023438,377.96099853515625,40.45438766479492,365.07281494140625
2021-03-05,727.7115478515625,724.5894165039062,589.4524536132812,382.90032958984375,38.691463470458984,354.000244140625
2021-03-08,740.2092895507812,719.61669921875,588.098388671875,381.57586669921875,38.73786163330078,359.4903564453125
2021-03-09,742.350341796875,739.98095703125,604.5889282226562,394.1433410644531,38.59867858886719,357.6449890136719
2021-03-10,757.5867919921875,736.7842407226562,605.0725708007812,391.1558837890625,38.50589370727539,357.73724365234375
2021-03-12,747.4789428710938,734.9845581054688,592.7408447265625,385.4197998046875,38.08835983276367,351.6473083496094
2021-03-15,741.3048095703125,723.9500122070312,583.6976928710938,382.133544921875,37.85640335083008,354.23089599609375
2021-03-16,734.6824340820312,716.1358032226562,575.42822265625,379.056396484375,36.92854690551758,349.2943420410156
2021-03-17,724.8734130859375,708.1795043945312,570.1571044921875,372.11541748046875,35.62955093383789,339.6981506347656
2021-03-18,715.7614135742188,706.119384765625,559.6146850585938,364.5569763183594,34.98005676269531,338.729248046875
2021-03-19,723.230224609375,709.1978149414062,567.4005737304688,365.3038635253906,35.67594909667969,342.4662780761719
2021-03-22,713.2220458984375,695.7715454101562,554.6337280273438,363.0133972167969,35.21201705932617,338.6369934082031
2021-03-23,727.5123291015625,710.4528198242188,567.1588134765625,361.02178955078125,35.95429992675781,343.8965148925781
2021-03-24,703.4628295898438,700.3416748046875,548.8789672851562,355.0068664550781,34.330562591552734,332.0395812988281
2021-03-25,691.7118530273438,693.0247192382812,552.7960205078125,351.1131286621094,32.93878173828125,327.74896240234375
2021-03-26,695.2969360351562,706.2615966796875,559.56640625,352.73638916015625,33.402706146240234,329.5943908691406
2021-03-30,692.4586791992188,735.8134155273438,572.0430908203125,354.76788330078125,33.54188537597656,332.9161682128906
2021-03-31,694.5499877929688,707.3744506835938,562.9998168945312,349.141357421875,34.00580978393555,336.1455993652344
2021-04-01,710.0352783203125,704.1067504882812,574.8963012695312,359.40850830078125,35.4439811706543,342.0049133300781
2021-04-05,682.4007568359375,686.512939453125,552.505859375,350.376220703125,34.2841682434082,326.2264404296875
2021-04-06,675.0813598632812,682.0848999023438,547.3314208984375,352.18865966796875,34.376953125,323.4582824707031
2021-04-07,685.3882446289062,685.3762817382812,558.6959838867188,356.908935546875,34.88726806640625,330.84002685546875
2021-04-08,678.7659301757812,678.556640625,557.777099609375,355.1661682128906,34.74809265136719,328.1180419921875
2021-04-09,665.4216918945312,673.323486328125,547.6216430664062,358.3528747558594,35.11922836303711,325.7189636230469
2021-04-12,632.9571533203125,647.4183349609375,520.8788452148438,347.05010986328125,31.500608444213867,303.43536376953125
2021-04-13,658.2515869140625,663.1886596679688,542.205322265625,353.6923828125,32.56763458251953,314.6463623046875
2021-04-15,666.0689697265625,677.2778930664062,556.3262939453125,353.1745300292969,32.242889404296875,316.2149963378906
2021-04-16,666.41748046875,676.5912475585938,548.3470458984375,351.3521423339844,32.28927993774414,313.63134765625
2021-04-19,645.455078125,668.8954467773438,541.3831787109375,338.73486328125,30.75832748413086,305.5575866699219
2021-04-20,649.0399780273438,658.9501342773438,540.7545776367188,338.1274108886719,31.268648147583008,304.0351257324219
2021-04-22,655.9611206054688,673.6786499023438,560.1950073242188,345.7654724121094,31.454212188720703,310.6325378417969
2021-04-23,668.5585327148438,669.7242431640625,551.2485961914062,345.39703369140625,31.546998977661133,310.447998046875
2021-04-26,697.5375366210938,665.2962036132812,571.7045288085938,350.4657897949219,31.964534759521484,317.69134521484375
2021-04-27,696.6412353515625,681.3507080078125,579.103515625,348.6036071777344,32.428462982177734,325.76507568359375
2021-04-28,705.2055053710938,699.3944702148438,600.9619750976562,360.7827453613281,33.07795715332031,335.3152160644531
2021-04-29,716.4087524414062,697.3580322265625,601.0587768554688,359.4981384277344,32.521244049072266,331.62432861328125
2021-04-30,711.9274291992188,668.8480834960938,580.7960815429688,348.30487060546875,32.335670471191406,326.1802978515625
2021-05-03,699.8279418945312,669.8662719726562,577.169189453125,343.6543273925781,32.01092529296875,323.50445556640625
2021-05-04,697.4379272460938,657.505615234375,572.1397705078125,345.08831787109375,34.74809265136719,324.33489990234375
2021-05-05,714.2178344726562,664.2542114257812,583.0206298828125,352.6766052246094,34.74809265136719,327.9335021972656
2021-05-06,712.77392578125,663.44921875,588.2434692382812,356.16204833984375,33.77384567260742,328.0718688964844
2021-05-07,713.769775390625,670.00830078125,587.1795654296875,354.5886535644531,33.63467025756836,330.5632019042969
2021-05-10,712.2760009765625,672.4236450195312,593.1277465820312,360.36444091796875,33.03156280517578,333.74658203125
2021-05-11,704.4088134765625,664.7042236328125,589.8392333984375,349.62933349609375,32.521244049072266,336.4685974121094
2021-05-12,688.4255981445312,662.7861328125,575.23486328125,342.3397521972656,34.423343658447266,339.2829284667969
2021-05-14,682.1517333984375,656.7952880859375,577.701171875,339.909912109375,34.144989013671875,332.59320068359375
2021-05-17,706.3009643554688,682.0848999023438,603.1381225585938,347.3787536621094,34.93366241455078,353.4927062988281
2021-05-18,708.6909790039062,699.34716796875,612.4231567382812,349.5596008300781,34.655303955078125,352.7084045410156
2021-05-19,713.8195190429688,690.5858154296875,604.9274291992188,344.6700134277344,33.588279724121094,354.6922302246094
2021-05-20,702.9649047851562,678.556640625,598.30224609375,340.21868896484375,34.79448318481445,354.8306579589844
2021-05-21,727.8609008789062,709.10302734375,621.36962890625,350.0675048828125,35.30480194091797,370.1939697265625
2021-05-24,738.0682983398438,715.0938720703125,626.1088256835938,349.9380187988281,36.92854690551758,380.2053527832031
2021-05-25,728.5081787109375,700.41259765625,628.9620971679688,348.6434631347656,36.51101303100586,380.482177734375
2021-05-26,732.04345703125,699.5128784179688,631.0899047851562,346.681640625,36.41822814941406,381.5894775390625
2021-05-27,747.2300415039062,702.1649780273438,630.8480834960938,353.97119140625,39.10900115966797,392.339111328125
2021-05-28,736.7737426757812,712.0155639648438,621.949951171875,358.6516418457031,39.201786041259766,389.4324951171875
2021-05-31,747.57861328125,717.8881225585938,641.0035400390625,360.0358581542969,39.340965270996094,391.5547790527344
2021-06-01,742.0516967773438,715.922607421875,628.7685546875,357.9047546386719,38.64507293701172,399.12109375
2021-06-02,733.935546875,712.2760009765625,627.0759887695312,355.1363220214844,40.825531005859375,403.4578552246094
2021-06-03,747.5288696289062,720.1139526367188,628.9136962890625,361.3304748535156,40.54717254638672,409.417724609375
2021-06-04,738.9645385742188,710.8316650390625,621.6114501953125,360.73291015625,39.99045944213867,403.78375244140625
2021-06-07,747.9769287109375,710.3106689453125,626.9309692382812,361.4698791503906,39.06260681152344,402.5265808105469
2021-06-08,743.2466430664062,702.3544311523438,621.3212890625,357.2176513671875,38.459503173828125,397.8238525390625
2021-06-09,733.6866455078125,701.0520629882812,615.22802734375,355.09649658203125,37.67082595825195,392.46923828125
2021-06-10,741.1553344726562,701.4072875976562,619.386962890625,358.4126281738281,39.43375015258789,402.5265808105469
2021-06-11,735.3795166015625,703.917236328125,614.8411865234375,357.376953125,39.016212463378906,400.0588073730469
2021-06-14,733.1886596679688,700.6495361328125,614.3092041015625,352.1387939453125,39.944068908691406,400.75726318359375
2021-06-15,747.7777709960938,705.7642211914062,624.1260986328125,352.70648193359375,39.340965270996094,399.9656982421875
2021-06-16,746.6823120117188,703.0885009765625,619.0968017578125,350.6550598144531,38.73786163330078,396.6598205566406
2021-06-17,735.5289306640625,694.3271484375,612.2297973632812,351.7405090332031,38.13475036621094,391.3517761230469
2021-06-18,733.2384643554688,700.8153686523438,609.7150268554688,350.6251525878906,37.39247512817383,384.5072021484375
2021-06-21,736.4749755859375,705.0301513671875,610.5371704101562,352.935546875,38.691463470458984,390.88616943359375
2021-06-22,736.2757568359375,702.7095947265625,610.1502075195312,349.9580078125,38.3203239440918,389.8617858886719
2021-06-23,729.3048095703125,703.5147094726562,604.2020874023438,345.8949279785156,39.201786041259766,390.04803466796875
2021-06-24,736.07666015625,713.3416748046875,613.2453002929688,346.1339111328125,38.55228805541992,388.5115051269531
2021-06-25,758.184326171875,717.5328979492188,627.7047119140625,345.5563659667969,39.24817657470703,399.3138122558594
2021-06-28,759.22998046875,714.336181640625,628.9620971679688,345.16796875,40.22241973876953,397.4048156738281
2021-06-29,748.8234252929688,714.4313354492188,619.0968017578125,339.7505798339844,39.89767837524414,392.51580810546875
2021-06-30,745.1885375976562,712.45751953125,610.1986694335938,339.7505798339844,39.24817657470703,390.37396240234375
2021-07-01,743.3463134765625,707.1541137695312,610.1502075195312,341.7920837402344,39.29457092285156,391.491455078125
2021-07-02,747.5288696289062,704.1337890625,619.2418823242188,341.60284423828125,39.06260681152344,395.2164001464844
2021-07-05,757.1885375976562,711.2921142578125,626.5924072265625,344.7795715332031,39.24817657470703,402.8990783691406
2021-07-06,755.19677734375,729.9608154296875,628.9620971679688,349.60943603515625,38.83064270019531,400.1985168457031
2021-07-07,759.7278442382812,732.243896484375,632.5406494140625,350.89404296875,38.691463470458984,403.0853271484375
2021-07-08,751.2633056640625,723.1830444335938,620.8377685546875,345.0185546875,38.08835983276367,395.2629699707031
2021-07-09,744.2424926757812,714.4075317382812,617.5975341796875,342.5787658691406,38.041969299316406,394.611083984375
2021-07-12,750.4664916992188,707.27294921875,625.0449829101562,344.9489440917969,37.94918441772461,398.0566711425781
2021-07-13,767.5452270507812,714.336181640625,643.1314086914062,347.97625732421875,37.94918441772461,399.59320068359375
2021-07-14,766.8480834960938,713.052001953125,642.5510864257812,348.1754150390625,37.76361083984375,401.40911865234375
2021-07-15,770.9310913085938,723.3019409179688,645.5493774414062,348.5538330078125,37.438865661621094,402.0144348144531
2021-07-16,767.9435424804688,724.0867309570312,638.6339721679688,348.44427490234375,37.90279006958008,400.4313049316406
2021-07-19,752.0599365234375,699.6627807617188,634.3783569335938,343.12652587890625,37.39247512817383,398.4757080078125
2021-07-20,742.649169921875,686.4163208007812,620.8377685546875,339.11328125,36.88215637207031,391.9570617675781
2021-07-22,743.64501953125,689.0560302734375,634.4267578125,340.01947021484375,37.11412048339844,393.0279541015625
2021-07-23,752.2590942382812,686.2260131835938,654.4474487304688,343.1563720703125,37.16050720214844,399.4069519042969
2021-07-26,753.1552734375,682.3258666992188,654.5441284179688,346.6717224121094,36.51101303100586,394.1920166015625
2021-07-27,728.6575927734375,684.799072265625,655.2212524414062,338.1772155761719,36.325439453125,400.3847961425781
2021-07-28,719.8942260742188,674.1210327148438,662.5718383789062,329.1947021484375,35.62955093383789,396.2407531738281
2021-07-29,714.2677001953125,674.5728759765625,666.888427734375,326.9640197753906,36.557403564453125,411.18707275390625
2021-07-30,705.952392578125,678.4730834960938,662.038330078125,329.5830993652344,36.65019226074219,402.1075134277344
2021-08-02,718.1514892578125,676.6657104492188,660.9713134765625,331.634521484375,37.76361083984375,404.9943542480469
2021-08-03,735.5289306640625,682.3971557617188,669.7015380859375,335.7274169921875,37.39247512817383,415.7966613769531
2021-08-04,750.6656494140625,696.9515991210938,693.2244262695312,348.5339050292969,36.557403564453125,425.52813720703125
2021-08-05,746.1843872070312,706.2503662109375,681.3902587890625,352.8757629394531,36.04708480834961,411.46649169921875
2021-08-06,737.76953125,709.9603271484375,676.734130859375,353.96124267578125,36.69658279418945,405.6927490234375
2021-08-09,752.358642578125,715.3113403320312,681.7781982421875,354.69818115234375,35.95429992675781,403.5975341796875
2021-08-10,758.3834228515625,717.0948486328125,679.88671875,361.1412048339844,34.79448318481445,397.12542724609375
2021-08-11,757.6365356445312,711.0543212890625,672.7570190429688,354.8144836425781,34.701698303222656,398.6153564453125
2021-08-12,754.200927734375,714.1221313476562,680.3231811523438,356.2293395996094,35.072837829589844,397.7773132324219
2021-08-13,756.7403564453125,725.91796875,683.6697387695312,356.2890625,35.02644729614258,401.5487976074219
2021-08-16,758.8316650390625,728.0108032226562,681.584228515625,355.1632385253906,34.74809265136719,395.63543701171875
2021-08-17,753.6034545898438,720.4243774414062,680.177734375,356.3588562011719,34.098594665527344,392.51580810546875
2021-08-18,751.2633056640625,719.6395263671875,667.6644287109375,348.6571960449219,33.86663055419922,390.839599609375
2021-08-20,737.1720581054688,720.4718627929688,660.2922973632812,339.4609680175781,33.03156280517578,378.7335510253906
2021-08-23,733.039306640625,725.1569213867188,662.2322998046875,342.1112365722656,33.54188537597656,381.3409729003906
2021-08-24,743.2466430664062,741.447509765625,673.630126953125,339.73004150390625,33.72745132446289,388.8840026855469
2021-08-25,735.9769897460938,740.7579345703125,670.33203125,338.1956481933594,33.82024383544922,387.6268310546875
2021-08-26,743.2466430664062,739.5211791992188,677.8496704101562,338.25543212890625,33.21713638305664,382.5050048828125
2021-08-27,749.2715454101562,736.5009155273438,678.7711791992188,341.45367431640625,33.54188537597656,384.0881652832031
2021-08-30,780.7899169921875,745.9185180664062,692.25439453125,345.8973388671875,34.098594665527344,393.63330078125
2021-08-31,783.229736328125,752.1732177734375,697.4924926757812,349.4542236328125,34.00580978393555,396.7529296875
2021-09-01,795.5782470703125,751.0791015625,698.317138671875,348.0494079589844,34.655303955078125,400.33819580078125
2021-09-02,799.3623657226562,755.7880249023438,703.40966796875,353.9775695800781,34.74809265136719,400.1985168457031
2021-09-03,794.6819458007812,749.6284790039062,702.5851440429688,357.0562744140625,35.30480194091797,401.7350158691406
2021-09-06,797.4702758789062,744.7056274414062,699.5296020507812,353.6089782714844,35.11922836303711,401.40911865234375
2021-09-07,784.5740356445312,746.3941650390625,695.4070434570312,351.6760559082031,34.701698303222656,399.59320068359375
2021-09-08,791.3956909179688,749.7950439453125,699.3355712890625,361.7390441894531,34.93366241455078,401.6884765625
2021-09-09,786.8645629882812,746.0849609375,698.6565551757812,362.2372131347656,34.84087371826172,402.5731506347656
2021-09-13,785.072021484375,739.8779296875,686.1918334960938,366.66094970703125,34.88726806640625,403.0853271484375
2021-09-14,791.096923828125,736.5485229492188,686.2402954101562,372.18060302734375,35.072837829589844,403.22503662109375
2021-09-15,788.109375,735.7161254882812,692.9334106445312,372.96771240234375,35.95429992675781,413.32891845703125
2021-09-16,799.2628173828125,741.9707641601562,705.3981323242188,379.96197509765625,38.78425216674805,431.8139343261719
2021-09-17,803.9929809570312,752.5299072265625,698.5595703125,400.1178283691406,36.88215637207031,422.8741149902344
2021-09-20,792.5408325195312,741.9231567382812,688.7138671875,398.8226318359375,35.351192474365234,407.3690490722656
2021-09-21,792.0429077148438,738.1655883789062,690.5083618164062,400.7156066894531,35.351192474365234,408.62615966796875
2021-09-22,785.072021484375,729.4852905273438,682.26318359375,395.6542053222656,35.39759063720703,408.6727294921875
2021-09-23,808.7730712890625,746.7509155273438,695.5039672851562,403.3160400390625,35.72233581542969,418.8697509765625
2021-09-24,794.731689453125,761.7572631835938,701.2756958007812,404.133056640625,35.165626525878906,410.4421081542969
2021-09-27,793.63623046875,772.95849609375,708.1142578125,405.17919921875,35.58315658569336,415.88983154296875
2021-09-28,785.9185180664062,768.1784057617188,695.6495361328125,412.1236877441406,36.325439453125,414.30670166015625
2021-09-29,778.8978271484375,758.0948486328125,688.2288818359375,404.601318359375,36.78936767578125,428.3683776855469
2021-09-30,763.3626098632812,758.6180419921875,679.8381958007812,399.629638671875,37.20690155029297,421.8497314453125
2021-10-01,764.9560546875,752.7914428710938,671.593017578125,397.2483825683594,37.67082595825195,420.5925598144531
2021-10-04,775.7609252929688,754.2421875,679.2076416015625,396.73028564453125,38.13475036621094,431.3017578125
2021-10-05,779.3458862304688,758.8558959960938,676.2006225585938,395.0166015625,38.08835983276367,432.7452087402344
2021-10-06,775.7111206054688,768.1070556640625,668.8284301757812,389.7160949707031,37.02133560180664,425.7609558105469
2021-10-07,773.8687744140625,766.0142211914062,681.147705078125,389.0585021972656,37.02133560180664,426.4127502441406
2021-10-08,778.6986694335938,762.2804565429688,682.3118286132812,385.8503112792969,37.39247512817383,426.50592041015625
2021-10-11,783.8770751953125,777.0966186523438,691.9149169921875,393.6316833496094,37.53165054321289,436.9822998046875
2021-10-12,793.8355102539062,775.0989379882812,687.3557739257812,397.5572509765625,38.273929595947266,449.7867736816406
2021-10-13,791.2960205078125,779.7601928710938,688.6654052734375,400.39678955078125,38.459503173828125,448.5762023925781
2021-10-14,798.7150268554688,802.5907592773438,705.4951782226562,402.08056640625,39.480140686035156,456.8641662597656
2021-10-18,809.918212890625,794.4573974609375,723.1010131835938,400.84515380859375,42.68123245239258,463.70880126953125
2021-10-19,798.3167724609375,803.2090454101562,725.0411376953125,405.5777282714844,40.96470642089844,454.6292419433594
2021-10-20,801.45361328125,796.1459350585938,723.489013671875,401.6123352050781,39.99045944213867,465.524658203125
2021-10-21,804.441162109375,797.3111572265625,732.8497314453125,427.17822265625,41.42863464355469,468.3649597167969
2021-10-22,813.3041381835938,799.427734375,736.5357666015625,432.6879577636719,40.779136657714844,468.3649597167969
2021-10-25,841.5859985351562,788.13134765625,816.4654541015625,429.3203430175781,41.66059494018555,471.6708068847656
2021-10-26,838.3994140625,786.1099243164062,804.5342407226562,440.5689697265625,42.54205322265625,477.3047790527344
2021-10-27,784.2255249023438,781.3773193359375,809.96630859375,436.0456237792969,42.959590911865234,483.45098876953125
2021-10-28,755.19677734375,757.9758911132812,774.7545776367188,418.16143798828125,38.36671829223633,466.8749694824219
2021-10-29,738.914794921875,752.86279296875,778.004150390625,404.7408142089844,39.06260681152344,467.6199951171875
2021-11-01,749.2216796875,763.5408935546875,779.7987670898438,413.7775573730469,39.06260681152344,480.23822021484375
2021-11-02,752.7070922851562,764.2305297851562,776.9371337890625,413.80743408203125,39.06260681152344,485.82562255859375
2021-11-03,747.4789428710938,752.1969604492188,762.3869018554688,406.0161437988281,38.36671829223633,491.3664855957031
2021-11-04,749.8192749023438,758.1423950195312,758.6522827148438,409.891845703125,38.877037048339844,493.97393798828125
2021-11-08,747.9271240234375,761.138916015625,756.7607421875,422.2165222167969,39.340965270996094,487.26904296875
2021-11-09,741.9520263671875,747.821044921875,762.9688110351562,417.90240478515625,39.804893493652344,492.7633361816406
2021-11-10,746.234130859375,739.7351684570312,757.48828125,413.6878967285156,39.201786041259766,488.3399658203125
2021-11-11,734.981201171875,736.4296264648438,748.321533203125,409.3139953613281,38.83064270019531,474.55767822265625
2021-11-12,732.989501953125,738.6651000976562,753.317138671875,413.41888427734375,38.73786163330078,476.18731689453125
2021-11-15,730.201171875,740.6865844726562,750.1161499023438,417.92230224609375,38.59867858886719,471.7173767089844
2021-11-16,723.1307373046875,736.286865234375,741.1434326171875,415.0429382324219,38.13475036621094,461.05474853515625
2021-11-17,709.3880004882812,728.1058349609375,738.4758911132812,409.1147155761719,37.71722412109375,463.89501953125
2021-11-18,703.4129638671875,732.1964111328125,740.0279541015625,403.4057312011719,38.64507293701172,469.156494140625
2021-11-22,683.5460205078125,720.75732421875,729.4546508789062,389.6563415527344,37.02133560180664,452.9529724121094
2021-11-23,682.799072265625,720.8524780273438,729.3091430664062,395.1261901855469,37.71722412109375,459.14569091796875
2021-11-24,682.3011474609375,722.0415649414062,737.408935546875,400.8053283691406,37.53165054321289,459.23883056640625
2021-11-25,677.0729370117188,725.7990112304688,728.5331420898438,405.52789306640625,37.06772232055664,456.8175964355469
2021-11-26,658.9984130859375,708.65234375,700.5482177734375,391.4197998046875,35.72233581542969,438.1463317871094
2021-11-29,648.3926391601562,714.05078125,696.862060546875,402.4393005371094,34.88726806640625,433.1177062988281
2021-11-30,652.923828125,710.388427734375,692.9334106445312,390.94158935546875,34.60891342163086,428.88055419921875
2021-12-01,676.774169921875,715.66796875,705.8831787109375,389.2378845214844,35.58315658569336,442.61627197265625
2021-12-02,673.2886962890625,725.7039184570312,700.7421264648438,391.4098815917969,35.72233581542969,444.1993713378906
2021-12-03,670.2015991210938,719.9011840820312,694.8250122070312,381.4365539550781,35.72233581542969,440.6141052246094
2021-12-06,660.3428344726562,715.2637329101562,688.27734375,375.6578369140625,35.2584114074707,433.30389404296875
2021-12-07,684.1434326171875,725.6801147460938,712.6248779296875,386.0097351074219,35.72233581542969,443.9200134277344
2021-12-08,694.2014770507812,739.0455322265625,730.812744140625,382.68194580078125,36.51101303100586,457.7488708496094
2021-12-09,691.0645751953125,726.2271728515625,732.36474609375,381.8649597167969,36.65019226074219,455.04827880859375
2021-12-10,685.1890869140625,724.1819458007812,735.2747802734375,377.9593505859375,37.81000900268555,460.6822814941406
2021-12-13,701.07275390625,718.7596435546875,731.3947143554688,373.2467346191406,37.34608459472656,454.2567443847656
2021-12-14,707.944091796875,714.62158203125,735.9053955078125,366.73065185546875,37.2532958984375,454.9551696777344
2021-12-15,709.5374755859375,713.456298828125,729.6972045898438,372.1108703613281,36.88215637207031,451.4630126953125
2021-12-16,706.6992797851562,713.5038452148438,718.9299926757812,370.7857360839844,36.557403564453125,448.06402587890625
2021-12-17,686.0355834960938,700.6378784179688,706.4652709960938,357.4448547363281,35.2584114074707,435.63201904296875
2021-12-20,671.5460205078125,678.0925903320312,688.6654052734375,347.2224426269531,34.098594665527344,418.31103515625
2021-12-21,663.081298828125,685.7741088867188,698.7535400390625,346.03680419921875,34.2841682434082,415.3310546875
2021-12-22,666.5667724609375,687.3912353515625,710.830322265625,351.1878662109375,34.74809265136719,424.5037536621094
2021-12-23,675.9775390625,686.8681030273438,709.3753051757812,353.81817626953125,35.2584114074707,430.0445861816406
2021-12-24,664.7244873046875,684.394775390625,705.3012084960938,348.39813232421875,34.19137954711914,425.52813720703125
2021-12-27,669.3552856445312,690.0548706054688,713.934326171875,353.3897705078125,34.56252670288086,426.5524597167969
2021-12-28,672.6416015625,694.811279296875,713.7404174804688,353.6786804199219,34.60891342163086,429.4858703613281
2021-12-29,667.7120971679688,691.5055541992188,713.6433715820312,351.54656982421875,34.4697380065918,423.1534729003906
2021-12-30,666.0689697265625,695.1442260742188,713.6433715820312,349.7630920410156,34.4697380065918,420.6391296386719
2021-12-31,675.728515625,703.658203125,717.9599609375,357.90313720703125,34.60891342163086,428.7874755859375
2022-01-03,693.4545288085938,722.802490234375,741.77392578125,363.5523681640625,35.2584114074707,438.42572021484375
2022-01-04,706.201416015625,727.0357666015625,749.6795654296875,369.1617126464844,35.58315658569336,450.2524108886719
2022-01-05,723.8775634765625,744.3013916015625,764.4238891601562,383.0207214355469,35.95429992675781,458.5404357910156
2022-01-06,727.2633666992188,732.36279296875,761.5137329101562,376.9928894042969,36.000694274902344,457.8885498046875
2022-01-07,727.5621337890625,737.4998168945312,769.468017578125,379.453857421875,36.09347915649414,457.4695129394531
2022-01-10,739.71142578125,741.5902099609375,786.4432983398438,388.16180419921875,37.438865661621094,469.01678466796875
2022-01-11,740.1595458984375,744.80078125,786.3463134765625,385.9399719238281,37.06772232055664,471.1586608886719
2022-01-12,743.7445678710938,740.401123046875,799.0536499023438,389.8854675292969,37.11412048339844,475.1629333496094
2022-01-13,737.6201782226562,726.7740478515625,799.9751586914062,383.857666015625,37.299686431884766,476.18731689453125
2022-01-14,718.69921875,734.9313354492188,795.4159545898438,386.218994140625,37.2532958984375,473.3936462402344
2022-01-17,709.6868286132812,723.6824951171875,794.7369995117188,386.06951904296875,36.974937438964844,478.6551208496094
2022-01-18,722.1846923828125,727.36865234375,798.4229736328125,387.00604248046875,36.279048919677734,471.9501647949219
2022-01-19,726.5662231445312,722.2318115234375,784.3577270507812,379.7328186035156,37.11412048339844,480.331298828125
2022-01-20,725.8692626953125,717.7369995117188,785.958251953125,377.13238525390625,37.11412048339844,476.23388671875
2022-01-21,709.5374755859375,723.7300415039062,780.3806762695312,377.3615417480469,36.000694274902344,468.1321716308594
2022-01-24,701.6702270507812,707.1065673828125,774.5120849609375,364.8376159667969,35.2584114074707,460.1700744628906
2022-01-25,749.0723266601562,707.7723999023438,777.6162109375,369.5702209472656,36.557403564453125,479.2604064941406
2022-01-27,770.6322631835938,701.54150390625,770.8260498046875,376.4648742675781,38.18114471435547,492.5771179199219
2022-01-28,761.5203857421875,695.9766235351562,757.7308349609375,378.2682189941406,37.90279006958008,487.455322265625
2022-01-31,769.8356323242188,706.6546630859375,765.1513671875,370.08831787109375,38.55228805541992,501.28411865234375
2022-02-01,778.6488647460938,712.0293579101562,786.0068359375,375.0799560546875,38.3203239440918,495.6967468261719
2022-02-02,800.7565307617188,728.2960815429688,789.3533935546875,387.09576416015625,39.71210479736328,502.68096923828125
2022-02-03,796.2254638671875,720.75732421875,784.697265625,380.41033935546875,39.52653121948242,502.9602966308594
2022-02-04,795.2295532226562,724.8715209960938,780.9142456054688,375.45855712890625,38.50589370727539,493.8341979980469
2022-02-07,786.3168334960938,698.3072509765625,762.8234252929688,364.34942626953125,38.691463470458984,496.5813903808594
2022-02-08,795.2295532226562,695.310791015625,768.740478515625,362.22723388671875,38.969825744628906,494.8119812011719
2022-02-09,800.5075073242188,712.314697265625,778.7316284179688,365.6546630859375,38.59867858886719,498.4438171386719
2022-02-10,806.4328002929688,725.3947143554688,781.3507690429688,372.0710144042969,37.85640335083008,503.3794250488281
2022-02-11,800.4578247070312,722.4220581054688,767.0914306640625,364.3095397949219,36.88215637207031,493.182373046875
2022-02-14,770.1343383789062,700.947021484375,731.1036987304688,348.0892333984375,34.423343658447266,466.9215393066406
2022-02-15,793.63623046875,721.9226684570312,752.7836303710938,361.2906799316406,35.62955093383789,488.7124328613281
2022-02-16,793.7359008789062,720.9475708007812,741.1434326171875,364.66827392578125,35.76873016357422,481.16943359375
2022-02-17,779.545166015625,716.5479736328125,727.8541259765625,362.1275634765625,35.30480194091797,477.6773376464844
2022-02-18,784.1260986328125,719.3303833007812,726.4476928710938,363.9708251953125,35.02644729614258,479.86572265625
2022-02-21,785.5699462890625,723.9677734375,731.831298828125,364.0804443359375,34.79448318481445,476.6529541015625
2022-02-22,775.910400390625,718.5455322265625,728.775634765625,366.99969482421875,34.51613235473633,464.1278381347656
2022-02-23,773.9683837890625,713.8843994140625,722.2765502929688,375.8371887207031,34.655303955078125,464.4072265625
2022-02-24,727.2633666992188,675.1199340820312,686.1918334960938,357.6540832519531,29.691293716430664,440.14849853515625
2022-02-25,754.8980712890625,692.5757446289062,708.1627197265625,369.97869873046875,32.428462982177734,449.740234375
2022-02-28,739.3131103515625,678.3779907226562,720.4335327148438,367.19891357421875,32.38206481933594,449.9730529785156
2022-03-02,747.1304931640625,653.6448974609375,693.4183959960938,359.8758850097656,32.799598693847656,441.63848876953125
2022-03-03,734.5828857421875,652.0989990234375,677.3646240234375,357.135986328125,32.56763458251953,435.259521484375
2022-03-04,712.0270385742188,649.9586791992188,667.421875,349.1453552246094,32.10371017456055,430.184326171875
2022-03-07,664.7742919921875,630.1246337890625,634.1502685546875,341.1249084472656,31.73257064819336,410.0230407714844
2022-03-08,667.6124877929688,631.5514526367188,645.06298828125,343.35662841796875,32.38206481933594,410.0230407714844
2022-03-09,671.3966674804688,652.1703491210938,647.4395751953125,346.5449523925781,33.03156280517578,420.6391296386719
2022-03-10,692.0604248046875,662.4203491210938,656.315185546875,349.583740234375,33.3563117980957,436.4701232910156
2022-03-11,687.9773559570312,664.3704223632812,657.5762939453125,351.3074035644531,33.63467025756836,438.00665283203125
2022-03-14,707.0975952148438,686.130859375,675.279052734375,356.43853759765625,34.144989013671875,451.7889404296875
2022-03-15,695.2470703125,677.3077392578125,676.443115234375,345.4788818359375,33.402706146240234,452.4408264160156
2022-03-16,720.8402709960938,688.79443359375,686.7738037109375,350.8092346191406,33.30992126464844,458.8663330078125
2022-03-17,736.1761474609375,703.9673461914062,698.5110473632812,362.6656494140625,33.402706146240234,467.3871765136719
2022-03-21,722.8817749023438,707.03515625,689.44140625,354.1170959472656,33.124351501464844,456.8641662597656
2022-03-22,728.3588256835938,710.6737670898438,696.6680297851562,360.2445373535156,33.03156280517578,459.75103759765625
2022-03-23,723.7281494140625,703.5867919921875,696.7650756835938,352.6524963378906,33.124351501464844,456.9107360839844
2022-03-24,719.2468872070312,686.178466796875,683.0878295898438,341.5732116699219,32.985172271728516,453.6048583984375
2022-03-25,718.2510375976562,680.5897216796875,678.2861328125,343.1872863769531,32.84599304199219,456.9573059082031
2022-03-28,732.9396362304688,681.4934692382812,689.0534057617188,343.7751159667969,33.07795715332031,463.2897033691406
2022-03-29,734.7322387695312,690.5305786132812,693.85498046875,344.7315979003906,32.428462982177734,460.9616394042969
2022-03-30,747.3296508789062,702.4928588867188,708.9873657226562,351.3273620605469,32.521244049072266,460.3097229003906
2022-03-31,757.9851684570312,699.3535766601562,708.4052124023438,349.484130859375,32.521244049072266,459.6112976074219
2022-04-01,771.3294067382812,716.31005859375,714.1768798828125,354.02740478515625,33.72745132446289,473.25396728515625
2022-04-04,780.8397216796875,788.0362548828125,724.216552734375,365.86383056640625,34.23777389526367,477.1651611328125
2022-04-05,779.8438720703125,764.944091796875,719.5604858398438,359.11871337890625,34.2841682434082,474.37139892578125
2022-04-06,770.4829711914062,737.6424560546875,719.3665161132812,354.5754089355469,34.88726806640625,478.6085205078125
2022-04-07,788.806396484375,721.423095703125,726.1080932617188,351.99493408203125,34.74809265136719,479.5397644042969
2022-04-08,791.5947875976562,720.4243774414062,731.6857299804688,355.5916442871094,35.02644729614258,480.6106872558594
2022-04-11,782.7815551757812,711.6250610351562,736.8267822265625,355.3824462890625,34.74809265136719,479.49322509765625
2022-04-12,795.1300048828125,710.3646240234375,740.9494018554688,359.0489196777344,34.098594665527344,477.5841369628906
2022-04-13,789.75244140625,696.78515625,739.3973999023438,354.61529541015625,34.00580978393555,482.1007080078125
2022-04-18,795.5283203125,663.7283935546875,735.0807495117188,348.7966613769531,33.588279724121094,474.4645690917969
2022-04-19,794.4827880859375,638.400634765625,743.325927734375,340.24810791015625,33.124351501464844,476.60638427734375
2022-04-20,791.3956909179688,644.1559448242188,732.8983154296875,342.9980163574219,33.124351501464844,474.2783203125
2022-04-21,798.466064453125,653.6923828125,739.494384765625,350.8790283203125,33.3563117980957,480.79693603515625
2022-04-22,777.3541870117188,644.774169921875,725.2351684570312,344.2832336425781,32.84599304199219,466.1765441894531
2022-04-25,777.453857421875,649.6019287109375,729.648681640625,344.50244140625,32.38206481933594,460.7288513183594
2022-04-26,771.7775268554688,652.5984497070312,731.1522827148438,347.2622985839844,33.03156280517578,470.7395935058594
2022-04-27,762.7153930664062,652.8362426757812,714.6134033203125,347.023193359375,32.84599304199219,463.056884765625
2022-04-28,776.5575561523438,652.2655029296875,724.7501220703125,351.8354797363281,32.799598693847656,472.60205078125
2022-04-29,725.5704345703125,658.5677490234375,721.0155029296875,356.83709716796875,32.56763458251953,462.1722412109375
2022-05-02,724.3256225585938,667.65234375,718.7844848632812,353.569091796875,32.521244049072266,457.2366638183594
2022-05-04,704.2594604492188,644.9644775390625,702.5366821289062,353.81817626953125,31.87174415588379,446.66717529296875
2022-05-05,699.4295043945312,643.5137329101562,706.9501953125,358.2020568847656,31.778963088989258,446.9930725097656
2022-05-06,670.6000366210938,626.699951171875,697.6865234375,353.7583923339844,31.40781593322754,450.6714782714844
2022-05-09,660.9403686523438,627.7701416015625,689.0534057617188,352.2041320800781,31.08307456970215,443.1750183105469
2022-05-10,657.0067138671875,637.8536376953125,689.974853515625,358.1123962402344,30.897502899169922,442.5231628417969
2022-05-11,669.5543823242188,641.4447631835938,692.7879638671875,360.6629638671875,30.711931228637695,443.7803039550781
2022-05-12,646.94873046875,626.9856567382812,674.9395751953125,350.88897705078125,26.536592483520508,430.83612060546875
2022-05-13,633.3056640625,621.3560180664062,657.042724609375,354.60528564453125,27.18609046936035,414.07391357421875
2022-05-16,636.2932739257812,627.9719848632812,662.5233154296875,361.2408447265625,27.418052673339844,423.7121887207031
2022-05-17,652.2266845703125,632.25439453125,688.7138671875,366.71075439453125,27.789196014404297,435.1664123535156
2022-05-18,656.7080688476562,632.206298828125,686.143310546875,368.0059509277344,27.557231903076172,426.50592041015625
2022-05-19,647.4965209960938,619.2869873046875,669.6044921875,355.3724365234375,27.093305587768555,416.7279357910156
2022-05-20,670.3012084960938,635.5985107421875,688.27734375,364.48895263671875,27.789196014404297,430.60333251953125
2022-05-23,672.5418701171875,627.4427490234375,689.7323608398438,369.5004577636719,28.39229965209961,429.20648193359375
2022-05-24,661.2888793945312,634.6361694335938,686.9193725585938,375.13970947265625,28.113943099975586,430.27740478515625
2022-05-25,662.23486328125,639.375732421875,691.96337890625,380.1114501953125,27.650014877319336,429.4735412597656
2022-05-26,680.4089965820312,657.6119384765625,706.6592407226562,380.33062744140625,28.067550659179688,443.4708557128906
2022-05-27,685.4380493164062,669.8096313476562,717.620361328125,387.8130798339844,28.253122329711914,443.5181884765625
2022-05-30,690.765869140625,674.3806762695312,726.0596313476562,379.24462890625,29.366544723510742,448.8617858886719
2022-05-31,682.3510131835938,668.3179321289062,730.2791748046875,368.01593017578125,29.08818817138672,442.71429443359375
2022-06-01,683.1973876953125,671.1568603515625,730.085205078125,371.6525573730469,29.134580612182617,442.9034118652344
2022-06-02,688.674560546875,666.4653930664062,727.2721557617188,370.1679992675781,29.691293716430664,444.3693542480469
2022-06-03,674.4837646484375,664.1558837890625,721.9855346679688,370.3673095703125,29.273759841918945,439.30950927734375
2022-06-06,669.4049682617188,663.2656860351562,724.362060546875,372.48944091796875,29.180973052978516,438.5528869628906
2022-06-07,663.081298828125,655.63916015625,713.2069091796875,370.26763916015625,28.995403289794922,438.2691345214844
2022-06-08,655.861572265625,657.9487915039062,707.6292114257812,367.7469177246094,28.902618408203125,445.74072265625
2022-06-09,658.5503540039062,662.90478515625,710.7817993164062,371.6724853515625,28.85622787475586,441.6266174316406
2022-06-10,657.9527587890625,650.1057739257812,698.4140014648438,357.0462951660156,28.670656204223633,436.80322265625
2022-06-13,646.2516479492188,638.317138671875,667.3734741210938,346.19622802734375,27.928373336791992,421.6709289550781
2022-06-14,648.044189453125,631.2921142578125,664.9484252929688,346.66448974609375,27.7428035736084,423.7989196777344
2022-06-15,647.795166015625,629.1027221679688,666.64599609375,346.05670166015625,27.789196014404297,426.8726806640625
2022-06-16,632.2601318359375,616.5202026367188,658.1583251953125,333.93133544921875,26.95412826538086,417.65142822265625
2022-06-17,632.5588989257812,620.5861206054688,666.2579345703125,333.4929504394531,26.95412826538086,417.0839538574219
2022-06-20,625.6875,636.1759643554688,665.3849487304688,334.6088562011719,26.397417068481445,411.1256103515625
2022-06-21,633.8533935546875,643.1048583984375,675.2305297851562,335.067138671875,27.60362434387207,426.30517578125
2022-06-22,624.1937866210938,640.0734252929688,666.015380859375,332.7158203125,27.78379249572754,423.3733215332031
2022-06-23,626.7330932617188,642.4310913085938,678.1891479492188,335.5852966308594,27.73638153076172,426.919921875
2022-06-24,631.3638916015625,651.4049072265625,692.0604858398438,338.4347839355469,28.020854949951172,429.6153869628906
2022-06-27,634.450927734375,652.583740234375,695.843505859375,337.06982421875,28.020854949951172,436.1884765625
2022-06-28,639.6790771484375,647.6036987304688,689.0048828125,332.5364685058594,28.210506439208984,439.0730895996094
2022-06-29,622.9489135742188,646.6653442382812,681.6812133789062,327.2857666015625,28.210506439208984,434.2023620605469
2022-06-30,634.1521606445312,648.6141357421875,685.997802734375,331.0021667480469,27.499319076538086,440.6335754394531
2022-07-01,641.2724609375,651.380859375,682.7967529296875,332.3272705078125,27.9260311126709,441.5320739746094
2022-07-04,651.629150390625,652.2951049804688,698.5110473632812,332.9549255371094,28.44757080078125,447.7741394042969
2022-07-05,645.8035278320312,650.8275146484375,697.8805541992188,331.39068603515625,28.16309356689453,446.54461669921875
2022-07-06,655.2142944335938,659.80126953125,704.1856689453125,339.65032958984375,28.400157928466797,453.921630859375
2022-07-07,656.4110717773438,671.6139526367188,719.7545776367188,346.4253845214844,29.395824432373047,460.35284423828125
2022-07-08,667.3820190429688,672.2394409179688,733.0437622070312,347.6708068847656,29.063934326171875,462.0552673339844
2022-07-11,678.0537109375,676.593994140625,746.4300537109375,346.9733581542969,29.443235397338867,461.7242431640625
2022-07-12,674.4133911132812,669.6893310546875,737.1177978515625,342.52972412109375,29.2061710357666,458.6504821777344
2022-07-13,678.1035766601562,653.3536376953125,730.61865234375,347.1327819824219,29.2061710357666,460.1164245605469
2022-07-14,666.484375,650.0817260742188,729.8426513671875,352.7122497558594,28.82686996459961,453.35418701171875
2022-07-15,660.4503784179688,655.3745727539062,728.6787109375,356.2293395996094,28.732044219970703,453.11773681640625
2022-07-18,682.69140625,648.3975830078125,748.8551025390625,367.7768249511719,29.72770881652832,463.7102966308594
2022-07-19,698.7488403320312,648.6382446289062,757.2457885742188,365.6446533203125,29.964773178100586,470.94549560546875
2022-07-20,703.83544921875,656.8180541992188,759.6222534179688,364.2099304199219,29.775121688842773,481.0179138183594
2022-07-21,713.6593627929688,654.7490234375,762.4353637695312,358.78985595703125,30.20183563232422,484.28082275390625
2022-07-22,728.8192749023438,670.026123046875,776.0641479492188,364.0804443359375,30.154422760009766,485.8413391113281
2022-07-25,725.4281616210938,671.9989013671875,776.888671875,357.7935485839844,29.964773178100586,489.71893310546875
2022-07-26,704.5834350585938,670.6275024414062,772.426513671875,351.0284729003906,29.964773178100586,486.314208984375
2022-07-27,717.0504150390625,675.751953125,776.5006103515625,349.533935546875,30.39148712158203,499.5549621582031
2022-07-28,723.9821166992188,681.7425537109375,790.1779174804688,364.3594055175781,30.96044158935547,503.57452392578125
2022-07-29,722.8350830078125,690.0906982421875,794.0579833984375,360.7427062988281,29.72770881652832,499.69677734375
2022-08-01,728.8690795898438,695.8407592773438,798.7140502929688,369.7893981933594,31.671628952026367,504.80401611328125
2022-08-02,728.52001953125,688.190185546875,793.2335205078125,375.53826904296875,32.43022918701172,512.7011108398438
2022-08-03,728.5698852539062,689.8020629882812,800.0721435546875,368.86279296875,32.240577697753906,511.5189208984375
2022-08-04,719.6934204101562,688.984130859375,795.6585083007812,365.7641906738281,31.671628952026367,504.33111572265625
2022-08-05,726.5751342773438,686.6504516601562,813.0704345703125,365.4354553222656,31.813865661621094,502.2503967285156
2022-08-08,743.5801391601562,703.4913330078125,816.7297973632812,367.54766845703125,31.62421417236328,492.177978515625
2022-08-10,737.0474243164062,705.5363159179688,828.2446899414062,364.32952880859375,31.292325973510742,486.7870788574219
2022-08-11,756.8450317382812,714.8709106445312,838.9301147460938,369.56341552734375,31.671628952026367,496.2920837402344
2022-08-12,758.5404663085938,714.6063232421875,853.2750244140625,367.1109619140625,31.57680320739746,501.91937255859375
2022-08-16,762.6297607421875,722.7861328125,858.0078735351562,368.1377868652344,31.813865661621094,497.4270324707031
2022-08-17,770.0599365234375,726.5152587890625,861.9111938476562,366.8118896484375,32.667293548583984,499.5077209472656
2022-08-18,763.0286254882812,727.3812255859375,863.7164916992188,379.73211669921875,32.382816314697266,503.4798889160156
2022-08-19,755.49853515625,718.4075317382812,849.3716430664062,374.2490234375,31.62421417236328,492.1306457519531
2022-08-22,739.889892578125,707.4849853515625,831.6600952148438,365.2865905761719,30.723377227783203,483.5714416503906
2022-08-23,745.076171875,705.2957153320312,843.0286865234375,370.01202392578125,31.339738845825195,493.5966491699219
2022-08-24,748.1680297851562,708.6879272460938,852.2015991210938,372.374755859375,31.813865661621094,491.1376037597656
2022-08-25,741.3859252929688,704.838623046875,851.2745361328125,372.60406494140625,33.42589569091797,492.177978515625
2022-08-26,742.931884765625,704.9588623046875,849.810791015625,379.24365234375,33.85261154174805,495.3935546875
2022-08-29,726.774658203125,692.5928955078125,835.1731567382812,368.86553955078125,33.42589569091797,486.9289245605469
2022-08-30,749.514404296875,715.0633544921875,865.8633422851562,381.9154052734375,33.994842529296875,502.43951416015625
2022-09-01,742.183837890625,708.35107421875,853.2261962890625,379.40313720703125,33.94743347167969,504.37835693359375
2022-09-02,748.2178344726562,714.7747192382812,851.3233642578125,382.5933532714844,33.42589569091797,507.5940246582031
2022-09-05,754.102294921875,719.369873046875,861.1305541992188,386.3916320800781,33.85261154174805,509.6747131347656
2022-09-06,748.0183715820312,716.6271362304688,862.3015747070312,381.96527099609375,35.27499008178711,508.6343688964844
2022-09-07,753.4041137695312,713.2349853515625,855.0315551757812,380.4798583984375,35.6542854309082,503.95281982421875
2022-09-08,777.6897583007812,720.5968017578125,877.0855102539062,384.82647705078125,36.365474700927734,515.1128540039062
2022-09-09,782.7762451171875,721.0780029296875,879.476318359375,384.0887451171875,36.981842041015625,523.3410034179688
2022-09-12,798.8836669921875,718.6481323242188,885.2825927734375,383.62017822265625,38.02491760253906,524.8070068359375
2022-09-13,803.4215698242188,728.0548706054688,888.0149536132812,383.5005187988281,37.503379821777344,527.7388916015625
2022-09-14,800.9281616210938,735.537109375,895.919189453125,389.74139404296875,38.02491760253906,540.7432250976562
2022-09-15,787.9126586914062,731.7117919921875,895.4312744140625,385.6439208984375,38.356807708740234,541.12158203125
2022-09-16,787.2145385742188,718.2631225585938,887.1366577148438,384.87628173828125,37.59820556640625,531.332763671875
2022-09-19,795.9912109375,723.0026245117188,877.475830078125,384.716796875,38.30939483642578,541.2161254882812
2022-09-20,810.6026000976562,731.7117919921875,894.601806640625,386.7605285644531,38.54645919799805,542.9183959960938
2022-09-21,804.4189453125,730.5811157226562,893.1380615234375,382.5235595703125,38.072330474853516,538.8043823242188
2022-09-22,787.1148681640625,715.0153198242188,881.5744018554688,377.38934326171875,38.40422058105469,536.5345458984375
2022-09-23,766.5692138671875,695.8407592773438,860.9353637695312,371.3977966308594,36.17582702636719,520.7401123046875
2022-09-26,740.6378784179688,686.4579467773438,840.2474975585938,364.6784362792969,34.1370849609375,513.8360595703125
2022-09-27,735.5513916015625,680.2990112304688,831.952880859375,358.75665283203125,34.800865173339844,507.4048767089844
2022-09-28,714.5570678710938,668.606689453125,828.9766235351562,357.4207763671875,33.04658889770508,496.3865966796875
2022-09-29,717.1002807617188,665.1422119140625,823.511962890625,351.97747802734375,33.0940055847168,493.4547424316406
2022-09-30,731.2628173828125,683.9077758789062,841.1746215820312,362.72442626953125,34.65862274169922,501.82476806640625
2022-10-03,720.8404541015625,679.9862670898438,827.8543701171875,355.68609619140625,33.61554718017578,491.563232421875
2022-10-04,740.83740234375,699.1368408203125,846.6881103515625,363.33258056640625,34.56380081176758,503.81097412109375
2022-10-06,753.1048583984375,691.4380493164062,864.0580444335938,362.6646423339844,34.753448486328125,508.1614685058594
2022-10-07,753.703369140625,688.4547729492188,861.2280883789062,363.9606628417969,34.753448486328125,501.4465026855469
2022-10-10,774.7974243164062,680.852294921875,860.4474487304688,360.5411376953125,34.65862274169922,501.9667053222656
2022-10-11,783.4744873046875,673.9476318359375,849.5668334960938,356.4836120605469,33.85261154174805,498.7983703613281
2022-10-12,806.5632934570312,678.3502807617188,847.3711547851562,360.92999267578125,34.42155838012695,504.85125732421875
2022-10-13,799.8809814453125,670.555419921875,832.9774780273438,359.1953125,34.042259216308594,493.1710205078125
2022-10-14,798.3849487304688,692.400390625,849.2252807617188,365.67535400390625,33.994842529296875,498.60919189453125
2022-10-17,811.9989013671875,696.0332641601562,863.8140869140625,370.4905700683594,34.99051284790039,514.1671142578125
2022-10-18,814.1930541992188,694.7340698242188,875.2314453125,370.79962158203125,36.839599609375,531.947509765625
2022-10-19,827.6574096679688,701.8553466796875,870.54736328125,372.72369384765625,37.31372833251953,523.3883666992188
2022-10-20,823.66796875,697.1159057617188,867.1807861328125,371.5672302246094,38.40422058105469,525.2799072265625
2022-10-21,898.02099609375,692.2079467773438,885.23388671875,379.36328125,38.64128494262695,530.4342651367188
2022-10-24,907.0470581054688,703.0101928710938,903.921142578125,377.9974670410156,38.973167419433594,539.5609741210938
2022-10-25,900.4644775390625,698.1262817382812,902.7012939453125,368.18768310546875,41.059326171875,547.1744384765625
2022-10-27,912.7320556640625,699.8104248046875,902.0670776367188,371.8563537597656,40.77485275268555,548.2147827148438
2022-10-28,900.6640014648438,701.87939453125,885.9168701171875,375.694580078125,40.86967468261719,539.79736328125
2022-10-31,903.6062622070312,720.1637573242188,886.746337890625,379.2237243652344,40.442962646484375,542.6820678710938
2022-11-01,869.4467163085938,728.1270751953125,886.6487426757812,380.66925048828125,38.02491760253906,545.6138916015625
2022-11-02,861.268310546875,728.5841674804688,882.843017578125,380.81878662109375,37.21890640258789,542.7293090820312
2022-11-03,861.7670288085938,725.3844604492188,886.6976318359375,378.8648376464844,39.162818908691406,553.1800537109375
2022-11-04,865.8063354492188,720.3803100585938,883.428466796875,378.8249206542969,39.63694763183594,561.7392578125
2022-11-07,870.6435546875,725.9859619140625,895.333740234375,375.36553955078125,39.684356689453125,580.8438110351562
2022-11-09,871.3915405273438,725.7693481445312,888.5028076171875,377.5189208984375,42.623939514160156,582.1678466796875
2022-11-10,841.4708251953125,733.6605834960938,888.6980590820312,381.2574462890625,41.77051544189453,572.8993530273438
2022-11-11,848.4523315429688,775.2334594726562,884.6483154296875,378.6554260253906,42.43429183959961,568.690673828125
2022-11-14,848.7515258789062,777.1100463867188,873.32861328125,383.38092041015625,41.675689697265625,560.4152221679688
2022-11-15,856.38134765625,779.0106201171875,889.673828125,381.30731201171875,41.675689697265625,568.2650146484375
2022-11-16,853.139892578125,785.6988525390625,891.5279541015625,391.9744567871094,41.86534118652344,567.2247314453125
2022-11-17,855.9324951171875,778.6015625,897.5781860351562,388.91387939453125,42.0075798034668,566.5626831054688
2022-11-18,856.9298706054688,776.556640625,898.1148681640625,390.7084045410156,43.47736740112305,570.0147705078125
2022-11-21,867.7511596679688,768.5933227539062,899.1395874023438,387.62786865234375,45.136810302734375,565.6641235351562
2022-11-22,867.7511596679688,767.4625244140625,901.3839721679688,386.7605285644531,45.70576095581055,566.6099853515625
2022-11-23,872.3889770507812,769.45947265625,905.0433349609375,389.4721984863281,47.744503021240234,574.6963500976562
2022-11-24,876.2286987304688,781.9697875976562,916.16796875,387.77740478515625,48.218631744384766,576.3040771484375
2022-11-25,885.4044189453125,778.3610229492188,907.8245239257812,384.4974670410156,50.826324462890625,574.4598999023438
2022-11-28,889.343994140625,769.9887084960938,914.7529907226562,384.4476623535156,50.63667297363281,575.5947265625
2022-11-29,890.191650390625,768.8338623046875,923.8770751953125,383.9292297363281,49.78324890136719,575.5474853515625
2022-11-30,898.8687744140625,773.9342041015625,929.8785400390625,388.2160339355469,48.64534378051758,569.7783203125
2022-12-01,901.4619140625,779.251220703125,917.4853515625,385.6738586425781,50.49443817138672,575.121826171875
2022-12-02,902.7584228515625,773.28466796875,908.1172485351562,384.9760437011719,51.20562744140625,574.6016845703125
2022-12-05,896.8240966796875,776.0994873046875,911.0447998046875,386.5013122558594,52.29611587524414,583.8229370117188
2022-12-06,902.259765625,775.2334594726562,900.3593139648438,385.86328125,52.580589294433594,575.92578125
2022-12-07,912.2333374023438,774.8966064453125,899.8713989257812,381.1178894042969,52.580589294433594,574.1288452148438
2022-12-08,936.8681030273438,779.251220703125,909.3858642578125,378.2367248535156,54.71416091918945,578.4793090820312
2022-12-09,931.2330322265625,784.8086547851562,907.4342041015625,376.45220947265625,53.339195251464844,583.0663452148438
2022-12-12,936.1699829101562,790.9195556640625,907.8245239257812,372.0058898925781,55.09346008300781,579.8034057617188
2022-12-13,942.1041259765625,793.1088256835938,910.4105224609375,372.5542297363281,56.800315856933594,583.3027954101562
2022-12-14,939.9100341796875,799.821044921875,899.4810180664062,373.4913635253906,56.1839485168457,591.5782470703125
2022-12-15,935.6713256835938,785.1695556640625,886.8439331054688,371.49749755859375,56.231361389160156,582.5462036132812
2022-12-16,932.6292724609375,788.9467163085938,880.208251953125,366.9813537597656,53.81332015991211,570.6294555664062
2022-12-19,943.699951171875,791.400634765625,884.5507202148438,370.4905700683594,53.149539947509766,571.6697998046875
2022-12-20,947.2406005859375,785.939453125,887.72216796875,368.287353515625,52.6754150390625,571.6697998046875
2022-12-21,929.8367309570312,778.3369140625,870.6937866210938,361.8072814941406,50.39961242675781,561.2191162109375
2022-12-22,917.1204223632812,775.6665649414062,869.1324462890625,364.0902404785156,50.968563079833984,561.2191162109375
2022-12-23,904.20458984375,768.7376708984375,857.6663208007812,363.27276611328125,47.12813949584961,542.8711547851562
2022-12-26,926.2462768554688,784.0387573242188,871.620849609375,361.597900390625,50.731502532958984,564.7183837890625
2022-12-27,929.7369995117188,784.832763671875,878.890869140625,363.06341552734375,51.3952751159668,569.2581787109375
2022-12-28,922.2568359375,784.2072143554688,877.2318725585938,362.9039001464844,52.05905532836914,568.4542236328125
2022-12-29,932.0807495117188,789.7406616210938,886.112060546875,362.6347351074219,52.53317642211914,578.6212158203125
2022-12-30,931.2828369140625,783.4132690429688,869.3275146484375,364.32952880859375,53.52884292602539,580.418212890625
2023-01-02,939.112060546875,783.6779174804688,880.6473388671875,363.890869140625,54.19261932373047,578.99951171875
2023-01-03,959.7574462890625,788.8023681640625,879.5739135742188,365.44610595703125,54.80898666381836,579.1886596679688
2023-01-04,954.9202880859375,774.7041625976562,877.3782348632812,363.03350830078125,53.339195251464844,572.379150390625
2023-01-05,947.0410766601562,769.7239990234375,857.9102783203125,362.9437561035156,53.81332015991211,572.2844848632812
2023-01-06,937.4166870117188,767.1738891601562,849.078857421875,356.2642822265625,53.48143005371094,568.075927734375
2023-01-09,956.2168579101562,768.66552734375,852.2503051757812,361.2689208984375,54.145206451416016,574.7435913085938
2023-01-10,949.63427734375,754.6154174804688,840.540283203125,358.0089416503906,52.24870300292969,562.8742065429688
2023-01-11,947.2406005859375,765.48974609375,845.3706665039062,359.26507568359375,53.48143005371094,564.3401489257812
2023-01-12,933.078125,769.5797119140625,839.857177734375,354.80877685546875,52.95988845825195,562.6377563476562
2023-01-13,931.6818237304688,770.1812133789062,852.3479614257812,354.9682922363281,53.86073303222656,567.5557250976562
2023-01-16,910.7373046875,762.7952270507812,844.3460693359375,355.86553955078125,55.8520622253418,570.2984619140625
2023-01-17,915.2752685546875,774.1508178710938,844.24853515625,358.4276428222656,54.761573791503906,560.7935180664062
2023-01-18,921.55859375,787.8159790039062,848.493408203125,358.716796875,53.81332015991211,559.3748168945312
2023-01-19,926.2462768554688,791.0878295898438,845.224365234375,352.3762512207031,54.24003219604492,557.861572265625
2023-01-20,928.0913696289062,799.195556640625,849.3228149414062,351.49896240234375,54.002967834472656,560.084228515625
2023-01-23,930.2357177734375,805.041748046875,850.6402587890625,355.6561584472656,53.86073303222656,567.8867797851562
2023-01-24,907.795166015625,815.8198852539062,849.7131958007812,350.9705810546875,52.62800216674805,562.1174926757812
2023-01-25,889.9922485351562,793.2772216796875,834.6364135742188,348.8869934082031,50.92115020751953,537.8585815429688
2023-01-27,871.44140625,777.4708862304688,797.4569091796875,341.56951904296875,48.17121887207031,510.667724609375
2023-01-30,869.54638671875,776.6769409179688,803.6046752929688,344.1914367675781,48.076393127441406,509.0126647949219
2023-01-31,869.2970581054688,771.552490234375,811.8018188476562,345.1385498046875,50.77891159057617,523.48291015625
2023-02-01,854.9849853515625,783.1246337890625,827.4640502929688,347.8701477050781,47.69709396362305,498.7510070800781
2023-02-02,866.1554565429688,771.4802856445312,837.1736450195312,351.2696838378906,48.17121887207031,499.4603271484375
2023-02-03,880.2680053710938,798.1611328125,842.93115234375,354.9682922363281,49.119468688964844,514.6873168945312
2023-02-06,880.3179321289062,794.768798828125,833.0751342773438,348.3287353515625,48.74017333984375,515.8222045898438
2023-02-07,876.7772216796875,795.9476318359375,832.1480712890625,353.99127197265625,48.64534378051758,517.429931640625
2023-02-08,869.4467163085938,795.8515014648438,838.3446044921875,352.01739501953125,48.92981719970703,519.936279296875
2023-02-09,865.4074096679688,794.1914672851562,840.0036010742188,353.09405517578125,48.360870361328125,520.9293212890625
2023-02-10,864.9586181640625,797.3430786132812,833.221435546875,353.3233642578125,48.59793472290039,523.0573120117188
2023-02-13,856.8301391601562,797.9445190429688,830.098876953125,353.6722717285156,47.602264404296875,508.3506164550781
2023-02-14,868.4493408203125,805.3305053710938,844.3948364257812,352.9844055175781,48.17121887207031,511.5189208984375
2023-02-15,866.0057983398438,803.694580078125,849.761962890625,356.005126953125,48.26604461669922,512.843017578125
2023-02-16,862.4652099609375,800.783447265625,848.4446411132812,356.4936218261719,48.17121887207031,510.8095703125
2023-02-17,852.6412353515625,796.7657470703125,841.8088989257812,350.7712097167969,47.12813949584961,502.2031555175781
2023-02-20,844.5126953125,789.2835693359375,831.5137329101562,346.3946533203125,46.93849182128906,496.67041015625
2023-02-21,841.8198852539062,792.2427368164062,833.5630493164062,344.9790344238281,46.511775970458984,495.0626220703125
2023-02-22,831.1481323242188,776.7009887695312,818.9741821289062,339.06719970703125,45.32646179199219,488.34759521484375
2023-02-23,842.1190795898438,771.4321899414062,819.4620971679688,340.38311767578125,45.753173828125,492.74542236328125
2023-02-24,849.1505126953125,764.5514526367188,819.4133911132812,338.4192199707031,45.08939743041992,492.7926940917969
2023-02-27,852.0926513671875,766.4521484375,835.7098999023438,344.1316223144531,45.610931396484375,499.08209228515625
2023-02-28,841.8697509765625,769.6759033203125,834.1973266601562,344.78961181640625,45.84799575805664,494.4478454589844
2023-03-01,862.8641357421875,768.93017578125,835.6123046875,347.9100341796875,47.55485534667969,507.5940246582031
2023-03-02,843.2161865234375,762.38623046875,833.3678588867188,343.28424072265625,47.17555618286133,504.80401611328125
2023-03-03,850.397216796875,777.5189819335938,847.56640625,349.12628173828125,49.119468688964844,530.765380859375
2023-03-06,857.2290649414062,783.0043334960938,846.78564453125,349.12628173828125,48.64534378051758,531.2382202148438
2023-03-08,858.6752319335938,784.568115234375,851.0305786132812,346.9728698730469,48.834999084472656,534.1701049804688
2023-03-09,865.5071411132812,784.6402587890625,835.2708129882812,342.28729248046875,48.26604461669922,528.590087890625
2023-03-10,849.6491088867188,764.4072265625,822.2921142578125,338.8179931640625,47.31779098510742,517.6663818359375
2023-03-13,830.1507568359375,754.7357177734375,808.3863525390625,333.7535705566406,45.658348083496094,501.2573547363281
2023-03-14,830.6494750976562,752.7147827148438,810.2892456054688,328.6392822265625,45.658348083496094,496.9068298339844
2023-03-15,821.8727416992188,741.9125366210938,805.94677734375,332.16845703125,45.23163604736328,489.4825134277344
2023-03-16,828.3555297851562,746.7242431640625,803.9951171875,331.68988037109375,45.516109466552734,496.0556335449219
2023-03-17,835.1875,756.7084350585938,816.046630859375,337.5817565917969,45.46870040893555,501.06817626953125
2023-03-20,835.3370361328125,751.4636840820312,816.241943359375,338.88775634765625,44.5678596496582,491.0430908203125
2023-03-21,853.33935546875,759.9803466796875,831.8065795898438,340.3233337402344,45.279052734375,493.54931640625
2023-03-22,847.4050903320312,758.22412109375,839.4180908203125,339.984375,45.37387466430664,493.2655944824219
2023-03-23,846.5573120117188,752.1373901367188,834.7828369140625,334.90997314453125,44.425621032714844,484.94287109375
2023-03-24,837.680908203125,750.9344482421875,831.8065795898438,337.392333984375,43.14548110961914,477.9441833496094
2023-03-27,831.1481323242188,754.2063598632812,828.1958618164062,339.9943542480469,43.192893981933594,482.4838562011719
2023-03-28,830.2505493164062,760.3412475585938,834.0997314453125,338.73822021484375,42.5765266418457,480.5450134277344
2023-03-29,840.3737182617188,763.9981079101562,830.4403686523438,343.1546325683594,43.904083251953125,488.4894714355469
2023-03-31,856.231689453125,774.4635620117188,856.05615234375,345.5074157714844,44.18855667114258,495.3463134765625
2023-04-03,862.3155517578125,774.9447631835938,862.4478759765625,348.0695495605469,44.89974594116211,498.1836242675781
2023-04-05,858.2264404296875,795.7311401367188,863.2285766601562,349.3056945800781,44.283382415771484,494.636962890625
2023-04-06,849.6990356445312,801.7938842773438,853.8605346679688,350.342529296875,44.757511138916016,499.0348205566406
2023-04-10,845.1111450195312,797.9926147460938,847.4688110351562,350.7811584472656,44.615272521972656,497.7579650878906
2023-04-11,851.04541015625,800.3262939453125,860.5938720703125,368.1676940917969,44.80492401123047,503.2434387207031
2023-04-12,848.8013916015625,810.7195434570312,868.64453125,367.67919921875,44.615272521972656,499.5549621582031
2023-04-13,862.066162109375,814.3523559570312,877.2806396484375,372.7535705566406,45.279052734375,504.04742431640625
2023-04-17,862.2656860351562,801.9382934570312,879.5250854492188,377.86785888671875,46.27471160888672,514.498046875
2023-04-18,861.06884765625,798.5459594726562,875.1826171875,376.5021057128906,46.55918502807617,516.247802734375
2023-04-19,871.0923461914062,801.4810791015625,870.3522338867188,375.82415771484375,46.03764724731445,510.998779296875
2023-04-20,866.4546508789062,804.4644165039062,872.7919311523438,375.6446838378906,46.085060119628906,515.2547607421875
2023-04-21,861.9166259765625,805.7634887695312,864.2532348632812,377.5688171386719,45.753173828125,513.6942138671875
2023-04-24,879.9688720703125,812.2833862304688,882.8917846679688,378.28656005859375,46.7014274597168,524.5232543945312
2023-04-25,876.029296875,800.7353515625,891.381591796875,376.701416015625,47.222965240478516,531.332763671875
2023-04-26,885.3046875,804.416259765625,892.8453369140625,374.5680236816406,47.649681091308594,535.635986328125
2023-04-27,879.0712280273438,808.8429565429688,896.1631469726562,380.54962158203125,47.79191970825195,534.1228637695312
2023-04-28,857.7277221679688,812.0186767578125,895.4801025390625,386.4215393066406,49.54618453979492,546.9379272460938
2023-05-02,868.349609375,811.8502807617188,899.8225708007812,383.05194091796875,50.02030944824219,544.1006469726562
2023-05-03,857.578125,814.689208984375,900.5545043945312,385.0059509277344,49.830657958984375,539.5609741210938
2023-05-04,863.6620483398438,831.3616943359375,899.4323120117188,388.32568359375,50.58926010131836,548.5457763671875
2023-05-05,863.0137329101562,782.2103881835938,904.5554809570312,384.5572814941406,49.64100646972656,545.2355346679688
2023-05-08,876.1289672851562,791.2562866210938,915.2409057617188,390.56878662109375,49.4039421081543,551.9505004882812
2023-05-09,885.903076171875,791.2803344726562,911.8255004882812,389.6615905761719,47.649681091308594,542.3982543945312
2023-05-10,887.5487670898438,794.937255859375,913.435546875,390.5389099121094,45.990238189697266,541.1688232421875
2023-05-11,893.582763671875,795.4664916992188,916.509521484375,390.38934326171875,45.990238189697266,542.3510131835938
2023-05-12,908.2439575195312,802.4916381835938,921.095947265625,390.917724609375,46.03764724731445,546.7960815429688
2023-05-15,913.3803100585938,806.3409423828125,922.9013061523438,393.39013671875,46.41695022583008,550.3427734375
2023-05-16,915.3750610351562,801.7174072265625,923.4867553710938,388.2160339355469,46.46436309814453,554.504150390625
2023-05-17,912.3829345703125,797.4102172851562,916.6558227539062,380.6592712402344,46.74884033203125,554.504150390625
2023-05-18,912.2832641601562,800.5980224609375,923.6331176757812,384.298095703125,45.94282150268555,543.0603637695312
2023-05-19,921.6084594726562,801.5228271484375,931.2446899414062,387.13934326171875,46.7014274597168,543.9588012695312
2023-05-22,915.1256713867188,798.6757202148438,927.3900146484375,386.85028076171875,47.93415451049805,545.850341796875
2023-05-23,913.7293701171875,796.8018798828125,930.366455078125,383.1217346191406,47.9815673828125,550.0589599609375
2023-05-24,915.2752685546875,786.3868408203125,917.9244995117188,380.8985900878906,47.31779098510742,551.099365234375
2023-05-25,918.6163940429688,783.3693237304688,917.143798828125,384.8065185546875,47.080726623535156,549.72802734375
2023-05-26,924.5008544921875,786.3868408203125,927.7316284179688,387.8172912597656,47.744503021240234,554.2203979492188
2023-05-29,927.34326171875,795.9744873046875,925.2432861328125,389.4422912597656,48.17121887207031,562.7322998046875
2023-05-30,934.97314453125,796.5828857421875,926.9998168945312,393.7290954589844,48.78758239746094,560.6516723632812
2023-05-31,912.4328002929688,783.9777221679688,926.2191162109375,401.634765625,49.1668815612793,559.060791015625
2023-06-01,917.27001953125,780.6439208984375,913.4843139648438,384.82647705078125,49.02464294433594,561.8568115234375
2023-06-02,923.653076171875,781.8606567382812,915.4848022460938,386.5611572265625,49.59359359741211,566.1472778320312
2023-06-05,948.337646484375,780.838623046875,923.8770751953125,383.79962158203125,49.451358795166016,566.1472778320312
2023-06-06,965.641845703125,778.4051513671875,919.3394165039062,390.6086730957031,49.35653305053711,564.3635864257812
2023-06-07,974.1692504882812,782.4446411132812,917.4853515625,386.69073486328125,49.64100646972656,568.0755615234375
2023-06-08,959.5579223632812,782.9312744140625,915.2409057617188,376.14312744140625,49.2617073059082,567.400634765625
2023-06-09,972.174560546875,783.8560180664062,915.3872680664062,373.2520751953125,48.69275665283203,557.9520263671875
2023-06-12,971.6260375976562,779.0865478515625,913.3380126953125,374.73748779296875,48.882408142089844,557.9038696289062
2023-06-13,983.2451782226562,780.4005737304688,920.7543334960938,370.0519104003906,49.309120178222656,555.7344970703125
2023-06-14,975.1167602539062,779.5488891601562,917.0950317382812,371.78656005859375,49.119468688964844,555.8790893554688
2023-06-15,974.5682373046875,769.961181640625,904.2138671875,365.57568359375,47.79191970825195,546.1893920898438
2023-06-16,978.95654296875,780.0355224609375,911.6303100585938,370.3410339355469,48.882408142089844,550.7691040039062
2023-06-19,963.0986938476562,780.7169799804688,900.8472900390625,363.7911682128906,49.2617073059082,548.4551391601562
2023-06-20,972.2742919921875,782.3473510742188,903.1892700195312,367.66925048828125,49.21429443359375,547.0571899414062
2023-06-21,963.4476928710938,796.0231323242188,902.3598022460938,367.978271484375,50.11513137817383,546.0447998046875
2023-06-22,964.0460815429688,799.9166870117188,903.3844604492188,366.0940856933594,48.360870361328125,542.7667236328125
2023-06-23,955.8677978515625,799.8680419921875,901.1887817382812,364.5887145996094,48.50494384765625,534.716064453125
2023-06-26,958.0120849609375,795.9989013671875,905.0433349609375,363.4721374511719,48.312843322753906,537.0782470703125
2023-06-27,970.6785278320312,807.2169799804688,913.4843139648438,367.8088073730469,48.84111404418945,545.8037109375
2023-06-28,975.6154174804688,815.7583618164062,914.8017578125,366.9813537597656,48.40889358520508,549.37109375
2023-06-30,984.8410034179688,828.0470581054688,912.0205688476562,368.17767333984375,49.6095085144043,552.3117065429688
2023-07-03,979.505126953125,837.0021362304688,919.7785034179688,367.6593017578125,51.72259521484375,564.4600219726562
2023-07-04,968.13525390625,841.0902099609375,921.8766479492188,371.1983642578125,54.79617691040039,568.123779296875
2023-07-05,963.9463500976562,814.3712768554688,934.8552856445312,371.8264465332031,56.284942626953125,569.4253540039062
2023-07-06,978.3582153320312,815.1986083984375,936.2214965820312,374.3088073730469,56.66913986206055,571.2572631835938
2023-07-07,975.1134643554688,808.093017578125,923.5355834960938,369.56341552734375,58.013832092285156,572.3177490234375
2023-07-10,962.4839477539062,806.1705322265625,925.4872436523438,372.2351989746094,58.205928802490234,571.3536376953125
2023-07-11,951.6516723632812,802.2527465820312,922.12060546875,372.1753845214844,58.06185531616211,567.4488525390625
2023-07-12,948.4568481445312,794.7334594726562,921.5838623046875,374.4683532714844,58.974327087402344,568.123779296875
2023-07-13,958.5903930664062,798.6998901367188,932.61083984375,372.7934875488281,56.76518630981445,564.65283203125
2023-07-14,955.495361328125,800.3546752929688,936.8557739257812,372.6539001464844,58.301979064941406,563.4476318359375
2023-07-17,963.2826538085938,817.0966796875,945.2967529296875,378.2467041015625,59.88679122924805,579.5489501953125
2023-07-18,962.084716796875,816.4153442382812,951.8837280273438,377.0105285644531,59.16642379760742,571.1126098632812
2023-07-19,962.7335815429688,820.1141357421875,949.9320068359375,380.1508483886719,61.615684509277344,579.8864135742188
2023-07-20,976.3115234375,821.8905639648438,971.546875,390.1800231933594,61.32753372192383,588.1780395507812
2023-07-21,969.7222290039062,815.5635986328125,972.9130859375,392.83184814453125,60.126914978027344,593.0469360351562
2023-07-24,969.921875,816.8533935546875,968.0338745117188,378.28656005859375,59.646671295166016,595.5055541992188
2023-07-25,960.9365234375,825.7109985351562,970.6686401367188,373.9499206542969,58.301979064941406,587.744140625
2023-07-26,975.2132568359375,822.8395385742188,972.3764038085938,377.89776611328125,60.655189514160156,593.09521484375
2023-07-27,958.3407592773438,814.2982177734375,966.326171875,373.6009826660156,59.934818267822266,594.4450073242188
2023-07-28,948.4069213867188,799.8680419921875,972.1324462890625,374.2190856933594,59.50259780883789,593.962890625
2023-07-31,952.3505249023438,803.6154174804688,974.181640625,370.1715393066406,59.40654754638672,597.9641723632812
2023-08-01,958.3407592773438,808.9933471679688,970.522216796875,368.86553955078125,58.926300048828125,589.9135131835938
2023-08-02,943.7145385742188,798.4080200195312,963.1058959960938,363.6216735839844,57.14938735961914,576.993896484375
2023-08-03,934.0303344726562,792.6407470703125,941.6862182617188,363.5319519042969,57.10136032104492,569.3289184570312
2023-08-04,950.7031860351562,804.1021728515625,947.0532836914062,366.8744812011719,57.581607818603516,552.74560546875
2023-08-07,945.861083984375,803.6398315429688,952.078857421875,365.4875793457031,58.013832092285156,547.5392456054688
2023-08-08,951.3521118164062,802.9828491210938,956.2262573242188,364.7791748046875,59.694698333740234,552.5527954101562
2023-08-09,948.4568481445312,803.2747802734375,957.0133056640625,365.4775695800781,59.11840057373047,553.1795043945312
2023-08-10,938.2234497070312,796.1448364257812,948.552001953125,359.3613586425781,58.83025360107422,553.0830688476562
2023-08-11,935.6776123046875,787.8468627929688,937.4833984375,357.4855651855469,60.07889175415039,553.565185546875
2023-08-14,938.4231567382812,784.0021362304688,944.0753784179688,358.0143737792969,59.88679122924805,540.6937866210938
2023-08-16,931.5343017578125,781.714599609375,941.0745239257812,356.43792724609375,59.262474060058594,545.0806274414062
2023-08-17,935.0286865234375,777.3831176757812,936.3027954101562,352.3471374511719,60.75123977661133,551.6368408203125
2023-08-18,941.5181274414062,774.1953125,935.3189086914062,349.37384033203125,60.31901550292969,552.408203125
2023-08-21,951.0525512695312,773.5869750976562,939.7955322265625,351.279541015625,59.88679122924805,551.2030029296875
2023-08-22,955.495361328125,770.2774658203125,936.6471557617188,351.82830810546875,59.98284149169922,548.11767578125
2023-08-23,977.6593017578125,772.1755981445312,951.2576293945312,355.210693359375,60.847286224365234,556.216552734375
2023-08-24,979.755859375,768.6227416992188,953.3237915039062,355.3902893066406,60.36703872680664,556.2647705078125
2023-08-25,981.5030517578125,759.9597778320312,954.7504272460938,354.9712219238281,59.070377349853516,549.5157470703125
2023-08-28,988.591552734375,767.868408203125,954.8980102539062,357.2660827636719,60.03086853027344,552.3117065429688
2023-08-29,979.10693359375,773.9763793945312,952.1431274414062,355.8193054199219,60.46308898925781,554.239990234375
2023-08-30,981.7526245117188,768.3307495117188,943.4359130859375,354.1830139160156,60.943336486816406,547.0571899414062
2023-08-31,971.9186401367188,764.80224609375,943.2882690429688,350.96026611328125,60.51111602783203,541.2239990234375
2023-09-01,989.5399780273438,766.3839721679688,953.0778198242188,353.4247131347656,62.81630325317383,549.1300659179688
2023-09-04,980.6544799804688,771.1779174804688,951.7495727539062,351.6487121582031,64.73729705810547,554.9149780273438
2023-09-05,979.8557739257812,766.4814453125,952.7826538085938,353.41473388671875,64.68926239013672,552.4563598632812
2023-09-06,963.4823608398438,776.507080078125,942.0584716796875,353.26507568359375,63.10444641113281,550.0460205078125
2023-09-07,976.6110229492188,783.9777221679688,950.0770263671875,356.9966735839844,63.968894958496094,558.2894897460938
2023-09-08,978.7075805664062,790.0856323242188,954.8980102539062,357.8348083496094,64.20901489257812,562.53173828125
2023-09-11,998.7749633789062,794.173828125,962.4738159179688,360.7681579589844,66.41815948486328,570.4859619140625
2023-09-12,999.274169921875,796.6559448242188,974.5262451171875,361.42669677734375,64.20901489257812,567.2560424804688
2023-09-13,1012.8021850585938,800.0626831054688,973.8375244140625,364.1006774902344,69.68383026123047,575.0656127929688
2023-09-14,1019.2416381835938,799.5759887695312,971.7714233398438,363.4920349121094,70.78839874267578,575.8851318359375
2023-09-15,1025.4815673828125,808.7500610351562,976.44482421875,361.9654846191406,71.22062683105469,577.3313598632812
2023-09-18,1023.08544921875,792.83544921875,974.2311401367188,358.86248779296875,73.86198425292969,582.2967529296875
2023-09-20,1025.6312255859375,761.0304565429688,971.2302856445312,357.08648681640625,73.42975616455078,579.5489501953125
2023-09-21,1012.8021850585938,755.9932861328125,943.8294067382812,350.3516540527344,72.03704071044922,567.063232421875
2023-09-22,1016.595947265625,744.4588623046875,934.9744873046875,350.50128173828125,74.43827819824219,576.7047119140625
2023-09-25,1017.2948608398438,745.1158447265625,940.9269409179688,356.0787353515625,77.03160858154297,572.7516479492188
2023-09-26,1012.5026245117188,748.3523559570312,933.4003295898438,352.0278625488281,76.2151870727539,573.089111328125
2023-09-27,1023.5345458984375,743.0961303710938,927.890625,352.2373962402344,78.28025817871094,568.6058349609375
2023-09-28,1029.225341796875,741.5630493164062,927.398681640625,345.8617248535156,76.50334167480469,568.7987060546875
2023-09-29,1035.0159912109375,742.8284301757812,936.5487670898438,346.3606262207031,77.03160858154297,577.09033203125
2023-10-03,1039.35888671875,733.9464721679688,925.1358032226562,344.6344909667969,79.9130859375,581.3325805664062
2023-10-04,993.9328002929688,744.4102172851562,915.0510864257812,343.63671875,76.5993881225586,565.2313232421875
2023-10-05,1001.6203002929688,747.4276123046875,925.6769409179688,346.0712585449219,74.0540771484375,570.9197998046875
2023-10-06,999.3240356445312,746.6002807617188,929.9568481445312,347.9969482421875,73.71791076660156,572.9445190429688
2023-10-09,994.6317138671875,737.937255859375,923.4632568359375,343.08795166015625,70.45222473144531,564.12255859375
2023-10-10,1010.6056518554688,742.1226806640625,935.8600463867188,350.43145751953125,72.27716827392578,570.437744140625
2023-10-11,1017.444580078125,749.3013916015625,937.7293701171875,353.48455810546875,73.04556274414062,567.2560424804688
2023-10-12,1016.795654296875,754.2898559570312,938.86083984375,351.9779357910156,72.75741577148438,565.0384521484375
2023-10-13,992.4352416992188,747.4276123046875,935.9584350585938,351.6087951660156,72.22913360595703,555.4934692382812
2023-10-16,1003.1677856445312,744.4345092773438,936.056884765625,349.1643371582031,72.27716827392578,555.0113525390625
2023-10-17,1006.4125366210938,750.0800170898438,938.5165405273438,353.5144958496094,72.80543518066406,555.7826538085938
2023-10-18,991.2372436523438,739.6406860351562,928.5301513671875,349.89263916015625,71.26864624023438,552.1189575195312
2023-10-19,989.7896118164062,737.3045043945312,920.6591796875,346.9093933105469,71.07655334472656,550.720947265625
2023-10-20,978.7575073242188,741.1250610351562,917.7075805664062,353.1253967285156,69.39568328857422,542.9113159179688
2023-10-23,962.7335815429688,732.9730834960938,914.9527587890625,347.3683166503906,66.89840698242188,533.125244140625
2023-10-25,953.89794921875,728.3251953125,901.3260498046875,344.8340148925781,66.75432586669922,536.2587280273438
2023-10-26,970.470947265625,712.2158813476562,893.9962768554688,338.2089538574219,67.09049987792969,527.3885498046875
2023-10-27,1001.12109375,715.0143432617188,898.0301513671875,339.7754211425781,70.2601318359375,541.03125
2023-10-30,987.5932006835938,722.7770385742188,909.9841918945312,342.7287902832031,70.2601318359375,544.9360961914062
2023-10-31,980.2550659179688,718.5914916992188,900.5881958007812,347.0989685058594,70.11605834960938,545.2734985351562
2023-11-01,970.221435546875,717.6181030273438,899.3091430664062,344.1056823730469,70.02001190185547,546.0930786132812
2023-11-02,981.3533325195312,718.7131958007812,905.114013671875,346.75970458984375,71.3166732788086,551.588623046875
2023-11-03,987.24365234375,722.1199951171875,918.7406616210938,345.8717041015625,71.79692077636719,557.4217529296875
2023-11-06,1007.7603149414062,727.3518676757812,930.2028198242188,347.25860595703125,71.94099426269531,553.7579956054688
2023-11-07,1019.2416381835938,723.8233032226562,932.8099975585938,349.463623046875,73.14161682128906,558.96435546875
2023-11-08,1020.0403442382812,725.9161376953125,920.6591796875,348.46588134765625,72.80543518066406,559.49462890625
2023-11-09,1020.2400512695312,723.0447387695312,922.2333374023438,348.2064514160156,72.9975357055664,557.6145629882812
2023-11-10,1027.528076171875,725.891845703125,923.4632568359375,348.30621337890625,73.23766326904297,558.7233276367188
2023-11-13,1023.684326171875,724.5778198242188,919.3801879882812,348.8550109863281,75.97506713867188,560.5069580078125
2023-11-15,1039.6583251953125,732.1699829101562,925.9229125976562,353.1054382324219,75.83098602294922,563.7369384765625
2023-11-16,1024.6827392578125,734.0924072265625,920.9051513671875,353.77392578125,76.45531463623047,563.688720703125
2023-11-17,992.7348022460938,732.5106811523438,906.9833374023438,352.1276550292969,74.82247924804688,542.8630981445312
2023-11-20,987.093994140625,732.559326171875,906.58984375,353.31494140625,75.30271911621094,543.5380249023438
2023-11-21,990.1889038085938,738.7646484375,911.164794921875,352.6464538574219,74.966552734375,541.3687133789062
2023-11-22,996.4786376953125,736.1365966796875,907.8688354492188,348.3461608886719,73.33370971679688,538.9100952148438
2023-11-23,997.4271240234375,740.3950805664062,908.1148071289062,347.0789794921875,73.52581024169922,539.874267578125
2023-11-24,1006.86181640625,745.6511840820312,914.41162109375,348.0168762207031,72.94950866699219,540.2598876953125
2023-11-28,1019.4912719726562,743.97216796875,910.5745239257812,347.66766357421875,75.44679260253906,544.212890625
2023-11-29,1058.427978515625,758.8160400390625,924.4470825195312,349.90264892578125,76.0230941772461,548.214111328125
2023-11-30,1072.5050048828125,758.645751953125,919.8721313476562,350.3017578125,74.5343246459961,544.502197265625
2023-12-01,1102.855712890625,756.9910278320312,931.4326171875,349.31396484375,77.51185607910156,551.2511596679688
2023-12-04,1123.771484375,783.2720336914062,975.2149658203125,362.8934020996094,80.44136810302734,573.37841796875
2023-12-05,1130.6103515625,790.2315673828125,997.1061401367188,364.86895751953125,81.64198303222656,586.4425659179688
2023-12-06,1118.6798095703125,792.22705078125,987.0706176757812,363.46209716796875,82.0741958618164,586.6353759765625
2023-12-07,1116.0341796875,793.5167236328125,982.88916015625,364.5496520996094,83.3708724975586,589.7689208984375
2023-12-08,1129.3624267578125,804.5888061523438,994.5480346679688,366.8644714355469,83.13074493408203,592.131103515625
2023-12-11,1114.6864013671875,803.5181274414062,1000.697265625,367.9819641113281,84.95568084716797,592.2274780273438
2023-12-12,1129.162841796875,795.5364990234375,999.3198852539062,364.05078125,84.66753387451172,590.4437866210938
2023-12-13,1113.0390625,793.7357788085938,997.5488891601562,364.4199523925781,85.24383544921875,597.626708984375
2023-12-14,1118.6298828125,803.1044921875,1016.9804077148438,369.93756103515625,86.34839630126953,601.2904663085938
2023-12-15,1118.530029296875,806.21923828125,1020.6699829101562,369.28900146484375,87.64507293701172,625.0084228515625
2023-12-18,1109.544677734375,805.8055419921875,1004.9771728515625,368.5606689453125,87.74111938476562,625.24951171875
2023-12-19,1118.4302978515625,804.44287109375,999.0739135742188,368.4808349609375,87.78913879394531,631.902099609375
2023-12-20,1108.446533203125,806.438232421875,990.415771484375,364.4798278808594,83.41889190673828,613.6315307617188
2023-12-21,1093.62060546875,820.892822265625,988.2020874023438,369.70806884765625,86.30037689208984,620.6697998046875
2023-12-22,1086.5322265625,813.1788940429688,978.2649536132812,371.26458740234375,85.72408294677734,613.9207763671875
2023-12-26,1092.472412109375,818.8244018554688,979.052001953125,376.5227355957031,85.00371551513672,615.1741333007812
2023-12-27,1104.5528564453125,828.9718017578125,986.0867919921875,379.61578369140625,88.17333984375,625.2977294921875
2023-12-28,1106.05029296875,829.9208374023438,989.6779174804688,383.4072265625,91.7271728515625,628.0455322265625
2023-12-29,1100.5093994140625,831.8676147460938,980.5278930664062,380.76318359375,91.96729278564453,619.03076171875
2024-01-01,1095.916748046875,826.4410400390625,983.28271484375,380.97271728515625,93.9363021850586,618.3558349609375
2024-01-02,1091.47412109375,826.927734375,966.4092407226562,372.1725158691406,93.16790771484375,616.52392578125
2024-01-03,1096.8154296875,814.1766357421875,968.1802978515625,372.3421325683594,92.63963317871094,620.3805541992188
2024-01-04,1121.5751953125,822.91259765625,971.2302856445312,371.8831787109375,93.5521011352539,619.7056274414062
2024-01-05,1135.10302734375,818.7027587890625,977.6746215820312,368.6903381347656,93.40803527832031,618.934326171875
2024-01-08,1120.177490234375,809.577392578125,966.1632690429688,364.4000244140625,91.2469253540039,604.5203247070312
2024-01-09,1114.736328125,803.2747802734375,963.9495849609375,364.509765625,91.19889068603516,602.9777221679688
2024-01-10,1105.2017822265625,805.92724609375,977.0350952148438,363.3424072265625,90.67062377929688,599.4585571289062
2024-01-11,1123.9212646484375,802.5447998046875,975.165771484375,363.7514953613281,91.05482482910156,597.9641723632812
2024-01-12,1118.530029296875,798.74853515625,987.3165893554688,365.8267822265625,93.84024810791016,610.8836669921875
2024-01-15,1117.6815185546875,814.1279907226562,993.5641479492188,369.4685974121094,94.32049560546875,617.150634765625
2024-01-16,1117.2821044921875,817.2183837890625,992.777099609375,368.77020263671875,94.3685302734375,614.0654296875
2024-01-17,1080.5419921875,748.279296875,965.9173583984375,355.130859375,93.36000061035156,603.55615234375
2024-01-18,1095.71728515625,723.2879638671875,970.443115234375,354.6519470214844,94.60865020751953,605.773681640625
2024-01-19,1114.736328125,715.744384765625,983.0859375,352.0677490234375,98.1624755859375,605.2434692382812
2024-01-23,1087.4805908203125,694.6708984375,1012.45458984375,356.09869384765625,94.8487777709961,583.405517578125
2024-01-24,1057.4295654296875,708.5657958984375,983.0859375,356.9168701171875,98.1624755859375,596.1322021484375
2024-01-25,1040.5570068359375,698.3453979492188,993.66259765625,352.88592529296875,100.37161254882812,590.7811889648438
2024-01-29,1059.526123046875,707.9573974609375,1000.0086059570312,363.7614440917969,103.25309753417969,600.6155395507812
2024-01-30,1052.3876953125,702.9202270507812,1000.5005493164062,363.9011535644531,104.9339599609375,604.279296875
2024-01-31,1066.015625,711.80224609375,1011.569091796875,364.2303771972656,109.88050079345703,617.5363159179688
2024-02-01,1082.4886474609375,713.651611328125,1008.617431640625,363.73150634765625,114.15470123291016,624.4299926757812
2024-02-02,1065.3167724609375,703.8206176757812,1007.4859619140625,363.77142333984375,120.44593048095703,626.3582763671875
2024-02-05,1059.775634765625,703.1878662109375,1006.9940795898438,360.8580017089844,116.84407806396484,619.8984985351562
2024-02-06,1048.34423828125,702.8228759765625,1009.8472900390625,356.5975646972656,117.0842056274414,626.9367065429688
2024-02-07,1067.36328125,695.9362182617188,1005.6658935546875,357.7150573730469,119.00519561767578,651.0404663085938
2024-02-08,1034.21728515625,682.8444213867188,973.3456420898438,345.1632995605469,119.38939666748047,674.46923828125
2024-02-09,1049.692138671875,683.112060546875,994.4005126953125,347.70758056640625,119.00519561767578,699.247802734375
2024-02-12,1044.999755859375,676.4932250976562,980.0359497070312,341.1423645019531,113.57840728759766,682.5198974609375
2024-02-13,1069.0107421875,678.6588745117188,1003.3536987304688,346.64996337890625,117.27630615234375,687.8709106445312
2024-02-14,1095.0682373046875,673.5974731445312,1006.2069702148438,349.0046691894531,118.09272003173828,716.7471313476562
2024-02-15,1070.4583740234375,688.197998046875,1000.2545776367188,347.06903076171875,123.7596435546875,734.3909912109375
2024-02-16,1067.013916015625,691.0451049804688,1006.7481079101562,346.27081298828125,125.00827026367188,727.6419067382812
2024-02-19,1061.2232666015625,689.682373046875,1026.91748046875,345.5025329589844,123.37543487548828,732.02880859375
2024-02-20,1086.8316650390625,707.7870483398438,1031.8369140625,351.7085876464844,124.38396453857422,732.8483276367188
2024-02-21,1082.4388427734375,700.4137573242188,1034.9852294921875,348.4359436035156,123.2793960571289,743.839599609375
2024-02-22,1099.1116943359375,690.874755859375,1045.5618896484375,344.175537109375,123.90371704101562,738.4403686523438
2024-02-23,1095.0184326171875,691.3857421875,1044.1844482421875,344.0258483886719,122.89519500732422,731.8359375
2024-02-26,1083.4371337890625,692.2131958007812,1037.198974609375,340.4938049316406,119.91766357421875,731.69140625
2024-02-27,1077.2972412109375,691.1668090820312,1043.10205078125,340.5836181640625,118.52494812011719,722.9658203125
2024-02-28,1072.455078125,685.9348754882812,1029.327880859375,335.9639892578125,115.97964477539062,715.8793334960938
2024-02-29,1073.353515625,683.0147705078125,1035.231201171875,337.1313781738281,117.03617858886719,721.278564453125
2024-03-01,1097.4644775390625,696.3256225585938,1069.37158203125,344.76422119140625,119.91766357421875,741.5738525390625
2024-03-04,1104.9521484375,697.2745971679688,1074.733642578125,344.6644287109375,121.07025909423828,744.369873046875
2024-03-05,1099.011962890625,701.2411499023438,1070.5030517578125,342.3695983886719,124.5760498046875,755.84326171875
2024-03-06,1123.172607421875,702.0928344726562,1079.4071044921875,351.1598205566406,125.20038604736328,755.7950439453125
2024-03-07,1109.64453125,703.7962036132812,1070.4046630859375,348.8250427246094,124.72014617919922,759.7962646484375
2024-03-11,1103.304931640625,694.8899536132812,1061.3038330078125,345.1533203125,123.80765533447266,745.9607543945312
2024-03-12,1095.218017578125,710.3421630859375,1059.483642578125,343.2974853515625,120.97420501708984,732.4627075195312
2024-03-13,1078.64501953125,710.755859375,1066.4691162109375,345.13336181640625,114.10667419433594,720.4590454101562
2024-03-14,1056.531005859375,708.3467407226562,1066.124755859375,347.6976013183594,115.88359069824219,714.4813232421875
2024-03-15,1044.7001953125,706.9840698242188,1062.9271240234375,346.87945556640625,113.09815979003906,705.659423828125
2024-03-18,1059.6258544921875,703.77197265625,1063.763427734375,346.79962158203125,115.25926971435547,704.7434692382812
2024-03-19,1049.0931396484375,705.3779296875,1066.4691162109375,349.1443176269531,111.94556427001953,697.8497924804688
2024-03-20,1033.069091796875,696.4716796875,1067.01025390625,352.2872619628906,112.04161071777344,709.8534545898438
2024-03-21,1033.917724609375,703.6259155273438,1064.3538818359375,353.6342468261719,116.26778411865234,717.61474609375
2024-03-22,1031.62158203125,702.2144775390625,1072.716796875,354.4823303222656,117.90062713623047,719.9287719726562
2024-03-26,1038.8597412109375,693.7218627929688,1066.22314453125,349.9525146484375,119.05321502685547,713.5171508789062
2024-03-27,1051.1397705078125,701.1681518554688,1066.2724609375,354.32269287109375,117.90062713623047,707.0091552734375
2024-03-28,1045.498779296875,704.6722412109375,1075.66845703125,356.2982482910156,119.48544311523438,725.3761596679688
2024-04-01,1051.3892822265625,715.67138671875,1081.916015625,357.3359375,120.63803100585938,731.1128540039062
2024-04-02,1045.498779296875,720.367919921875,1063.763427734375,350.6908874511719,121.69457244873047,738.9224853515625
2024-04-03,1061.5228271484375,721.414306640625,1059.8280029296875,345.4526672363281,129.8107452392578,743.4057006835938
2024-04-04,1061.2232666015625,743.461181640625,1061.451416015625,349.0445556640625,129.76272583007812,732.0770263671875
2024-04-05,1057.3795166015625,754.1439208984375,1065.9281005859375,356.2284240722656,131.15545654296875,737.3316040039062
2024-04-08,1074.3021240234375,752.7081298828125,1069.6175537109375,356.8769226074219,127.64962768554688,740.7543334960938
2024-04-09,1078.24560546875,753.6572875976562,1089.19677734375,355.3204345703125,127.26544189453125,736.8013916015625
2024-04-10,1086.0330810546875,747.7196655273438,1091.5087890625,364.3700866699219,130.9153289794922,751.118896484375
2024-04-12,1071.706298828125,739.2512817382812,1086.5894775390625,361.79583740234375,129.52259826660156,738.8259887695312
2024-04-15,1056.2314453125,727.4491577148438,1060.95947265625,358.82257080078125,127.60161590576172,730.341552734375
2024-04-16,1050.19140625,734.5304565429688,1049.8416748046875,357.7150573730469,123.47148895263672,724.74951171875
2024-04-18,1022.3366088867188,727.4491577148438,1038.4287109375,356.5476989746094,124.4319839477539,718.0968627929688
2024-04-19,1027.4283447265625,745.2619018554688,1050.0384521484375,357.72503662109375,123.18334197998047,723.5443115234375
2024-04-22,1052.2379150390625,735.9661865234375,1069.1256103515625,361.1772766113281,127.84174346923828,738.6331787109375
2024-04-23,1054.0350341796875,733.7274169921875,1072.6676025390625,361.79583740234375,127.60161590576172,745.2858276367188
2024-04-24,1061.5228271484375,735.7227783203125,1079.062744140625,367.7325134277344,127.74568939208984,745.3822021484375
2024-04-25,1125.1693115234375,735.260498046875,1095.78857421875,327.7524719238281,130.53111267089844,783.5625
2024-04-26,1128.4639892578125,734.7981567382812,1090.032958984375,320.9777526855469,131.05938720703125,772.5711669921875
2024-04-29,1157.366943359375,744.3858642578125,1141.4403076171875,327.3433837890625,131.82778930664062,796.86767578125
2024-04-30,1164.0062255859375,739.8109741210938,1131.8475341796875,324.060791015625,135.47767639160156,796.6266479492188
2024-05-02,1147.982177734375,745.7242431640625,1121.0740966796875,314.4224853515625,132.59619140625,800.2904052734375
2024-05-03,1139.645751953125,739.567626953125,1123.6322021484375,308.64544677734375,130.43507385253906,801.6402587890625
2024-05-06,1141.792236328125,741.0520629882812,1127.813720703125,324.130615234375,122.07877349853516,778.838134765625
2024-05-07,1125.8681640625,733.021728515625,1113.6458740234375,328.0418395996094,117.4684066772461,773.1497192382812
2024-05-08,1126.816650390625,721.5845947265625,1104.889404296875,328.9298400878906,119.86963653564453,781.7305908203125
2024-05-09,1113.8377685546875,704.4776000976562,1097.7071533203125,327.8822021484375,117.32432556152344,790.4078979492188
2024-05-10,1118.280517578125,709.3616333007812,1099.035400390625,324.8589782714844,119.00519561767578,788.0457153320312
2024-05-13,1130.1612548828125,717.9208984375,1109.808837890625,327.5030212402344,118.23680114746094,779.8023071289062
2024-05-14,1121.026123046875,720.7328491210938,1102.47900390625,328.5207824707031,120.78211212158203,788.8652954101562
2024-05-15,1126.2176513671875,709.6575317382812,1106.2176513671875,329.41876220703125,119.38939666748047,790.8900146484375
2024-05-16,1137.449462890625,720.3875122070312,1112.8095703125,333.6591796875,120.205810546875,782.8394165039062
2024-05-17,1139.4959716796875,722.286865234375,1112.2684326171875,338.5481872558594,120.15778350830078,788.52783203125
2024-05-21,1135.802001953125,719.6722412109375,1102.8724365234375,338.8874206542969,121.40642547607422,800.8689575195312
2024-05-22,1124.1710205078125,719.8695678710938,1093.1812744140625,339.1468505859375,120.87815856933594,802.6334838867188
2024-05-23,1163.357177734375,736.3468017578125,1116.2039794921875,341.0425720214844,121.64655303955078,815.7206420898438
2024-05-24,1172.0928955078125,748.4827270507812,1113.6949462890625,339.92510986328125,121.45445251464844,812.28955078125
2024-05-27,1185.07177734375,753.6627807617188,1111.579833984375,341.4317321777344,124.4319839477539,817.2891845703125
2024-05-28,1181.4776611328125,755.0441284179688,1108.775634765625,339.9649963378906,123.13531494140625,814.7894287109375
2024-05-29,1157.8660888671875,744.0921630859375,1084.2281494140625,336.8121032714844,122.99124145507812,806.4567260742188
2024-05-30,1166.052734375,747.3234252929688,1095.7393798828125,337.2610778808594,122.41494750976562,809.5936889648438
2024-05-31,1160.26220703125,755.5620727539062,1102.970947265625,335.3254089355469,124.33592987060547,814.005126953125
2024-06-03,1221.911865234375,775.6160278320312,1141.292724609375,342.8385314941406,131.58766174316406,887.8229370117188
2024-06-04,1129.412353515625,731.684814453125,1054.1707763671875,326.8544921875,110.79296875,759.9407348632812
2024-06-05,1182.575927734375,765.5520629882812,1090.7708740234375,342.8485107421875,117.03617858886719,774.2042846679688
2024-06-06,1169.0478515625,769.4493408203125,1092.4925537109375,346.16107177734375,119.00519561767578,800.868896484375
2024-06-07,1184.872314453125,776.183349609375,1103.6103515625,349.9525146484375,120.15778350830078,813.613037109375
2024-06-10,1198.0506591796875,770.2387084960938,1105.676513671875,348.3461608886719,120.38829803466797,815.4265747070312
2024-06-11,1192.659423828125,771.9653930664062,1100.166748046875,343.2276611328125,121.15670013427734,819.102783203125
2024-06-12,1185.970458984375,776.5780029296875,1101.4951171875,342.3795471191406,122.44376373291016,822.5828857421875
2024-06-13,1172.741943359375,779.8340454101562,1089.4918212890625,344.4947814941406,121.56970977783203,827.2884521484375
2024-06-14,1179.131591796875,787.80126953125,1087.8192138671875,342.6689147949219,123.84608459472656,822.680908203125
2024-06-18,1189.9638671875,793.1786499023438,1104.7418212890625,343.10791015625,123.54833221435547,828.2687377929688
2024-06-19,1224.657470703125,817.869873046875,1125.993408203125,348.5556640625,123.22175598144531,835.817138671875
2024-06-20,1237.486572265625,823.5431518554688,1138.1444091796875,352.4568786621094,123.41386413574219,827.141357421875
2024-06-21,1235.43994140625,821.7671508789062,1139.964599609375,354.3326721191406,122.25736999511719,819.8380126953125
2024-06-24,1226.1051025390625,825.0478515625,1151.2298583984375,353.7140808105469,121.54792785644531,816.3088989257812
2024-06-25,1269.3846435546875,844.2631225585938,1178.6307373046875,355.5798645019531,120.6343994140625,825.6708984375
2024-06-26,1283.31201171875,839.40380859375,1198.357421875,358.82257080078125,120.85792541503906,828.7098388671875
2024-06-27,1286.856201171875,836.7644653320312,1200.226806640625,365.2879943847656,115.84323120117188,827.3864135742188
2024-06-28,1263.1947021484375,830.6718139648438,1180.2540283203125,359.69061279296875,119.78890228271484,832.239013671875
2024-07-01,1259.8502197265625,841.2291259765625,1192.3065185546875,360.80810546875,119.01142883300781,825.3768310546875
2024-07-02,1251.364013671875,853.7597045898438,1171.3992919921875,353.1253967285156,117.23295593261719,809.8878173828125
2024-07-03,1277.9207763671875,872.5310668945312,1182.2218017578125,361.3269348144531,118.21451568603516,823.4161987304688
2024-07-04,1278.8193359375,852.0578002929688,1213.115478515625,365.946533203125,118.10761260986328,822.7789306640625
2024-07-05,1284.9593505859375,813.0598754882812,1213.509033203125,369.70806884765625,119.34185791015625,842.826416015625
2024-07-08,1285.7579345703125,806.7698974609375,1215.1324462890625,369.807861328125,117.9424057006836,839.3953247070312
2024-07-09,1287.305419921875,807.3372192382812,1228.1195068359375,368.7402648925781,118.94339752197266,844.3458862304688
2024-07-10,1289.5518798828125,802.2066040039062,1223.1510009765625,365.1483459472656,115.8626708984375,832.2880249023438
2024-07-11,1294.6435546875,800.1345825195312,1218.4775390625,368.0717468261719,116.03759765625,839.8364868164062
2024-07-12,1316.1751708984375,800.5292358398438,1213.01708984375,365.7469787597656,114.42434692382812,842.7774047851562
2024-07-15,1306.33349609375,800.2332763671875,1210.1146240234375,367.8821716308594,117.5245132446289,864.001220703125
2024-07-16,1302.886474609375,799.073974609375,1219.9041748046875,360.2493591308594,116.48464965820312,863.364013671875
2024-07-18,1308.281982421875,796.6319580078125,1230.136474609375,364.52972412109375,115.49336242675781,875.9610595703125
2024-07-19,1291.2464599609375,792.9320068359375,1228.51318359375,363.90045166015625,113.22898864746094,871.84375
2024-07-22,1281.4049072265625,810.3218994140625,1221.134033203125,351.1051940917969,114.83251953125,859.540771484375
2024-07-23,1262.1712646484375,798.407958984375,1206.96630859375,353.3725891113281,114.43406677246094,846.8947143554688
2024-07-24,1238.1917724609375,791.3286743164062,1203.2767333984375,348.8377990722656,113.26786041259766,835.2289428710938
2024-07-25,1174.8958740234375,797.5199584960938,1178.58154296875,354.6211242675781,114.4049072265625,831.7978515625
2024-07-26,1176.3446044921875,798.2846069335938,1187.7314453125,362.3522033691406,116.57210540771484,845.4732666015625
2024-07-29,1169.0509033203125,791.822021484375,1193.1427001953125,358.3668212890625,123.42357635498047,854.443115234375
2024-07-30,1169.0009765625,797.001953125,1189.9451904296875,356.8086242675781,121.97554016113281,855.6195068359375
2024-07-31,1165.104248046875,797.1005859375,1195.3074951171875,361.16357421875,120.45946502685547,855.2274169921875
2024-08-01,1171.299072265625,808.471923828125,1190.584716796875,358.1170959472656,119.48762512207031,845.6693725585938
2024-08-02,1159.8587646484375,818.5111694335938,1177.25341796875,360.2746276855469,116.87338256835938,831.16064453125
2024-08-05,1132.5321044921875,797.1005859375,1153.689453125,354.3215026855469,110.73136138916016,795.6732788085938
2024-08-06,1125.138427734375,789.922607421875,1148.0322265625,353.7021789550781,110.60501861572266,781.9978637695312
2024-08-07,1135.829345703125,800.9238891601562,1153.5419921875,354.90081787109375,112.66532135009766,792.7322998046875
2024-08-08,1137.17822265625,810.3958740234375,1145.818603515625,354.1416931152344,110.8091049194336,792.1441040039062
2024-08-09,1141.774169921875,814.0958251953125,1152.70556640625,353.52239990234375,112.0239028930664,808.07421875
2024-08-12,1163.305908203125,818.9798583984375,1163.8199462890625,354.10174560546875,111.37277221679688,796.6044921875
2024-08-13,1158.6097412109375,790.9092407226562,1159.4039306640625,350.0064697265625,111.08122253417969,781.8507690429688
2024-08-14,1152.1153564453125,793.1786499023438,1152.7552490234375,349.1773986816406,110.37177276611328,787.1934814453125
2024-08-16,1165.8536376953125,805.1666259765625,1178.1591796875,355.0506286621094,109.85670471191406,796.1143188476562
2024-08-19,1152.2652587890625,804.895263671875,1166.8961181640625,355.8597106933594,111.96559143066406,797.682861328125
2024-08-20,1167.002685546875,807.9292602539062,1170.4189453125,360.714111328125,114.04532623291016,804.1529541015625
2024-08-21,1173.397216796875,802.0586547851562,1165.8541259765625,362.17242431640625,113.13180541992188,799.4964599609375
2024-08-22,1168.950927734375,804.77197265625,1181.979736328125,363.8804626464844,114.05504608154297,804.1529541015625
2024-08-23,1164.954345703125,801.6885986328125,1194.2847900390625,363.1812744140625,112.99574279785156,799.3003540039062
2024-08-26,1169.30078125,809.0392456054688,1204.009765625,362.0825500488281,112.88884735107422,799.0062866210938
2024-08-27,1180.2413330078125,807.9539184570312,1216.9598388671875,360.2546691894531,112.69447326660156,799.839599609375
2024-08-28,1169.9500732421875,807.6332397460938,1214.47900390625,357.8474426269531,111.51854705810547,793.467529296875
2024-08-29,1174.3963623046875,808.3485717773438,1212.5439453125,355.0406799316406,112.27658081054688,798.4671020507812
2024-08-30,1174.2464599609375,807.5346069335938,1219.7879638671875,355.7498474121094,113.28729248046875,799.5454711914062
2024-09-02,1187.784912109375,802.6258544921875,1220.5322265625,355.63995361328125,113.23870086669922,805.966552734375
2024-09-03,1190.58251953125,807.756591796875,1238.1463623046875,356.3491516113281,112.33488464355469,808.5643920898438
2024-09-04,1176.6943359375,809.951904296875,1226.88330078125,356.3491516113281,109.759521484375,800.427734375
2024-09-05,1179.5419921875,811.7525024414062,1226.486328125,355.18048095703125,110.2065658569336,802.6334838867188
2024-09-06,1157.760498046875,807.5592041015625,1198.899169921875,352.42364501953125,106.90231323242188,767.0970458984375
2024-09-09,1169.8502197265625,812.2705688476562,1225.5435791015625,357.61767578125,106.542724609375,768.8125610351562
2024-09-10,1186.1861572265625,814.1698608398438,1227.8260498046875,357.9073486328125,106.50385284423828,767.2440795898438
2024-09-11,1185.087158203125,810.9879150390625,1226.88330078125,357.4378967285156,104.433837890625,753.4706420898438
2024-09-12,1202.3223876953125,822.1865234375,1242.5623779296875,365.069091796875,105.65835571289062,772.24365234375
2024-09-13,1216.410400390625,821.8658447265625,1240.7760009765625,363.6507263183594,107.9810562133789,775.2826538085938
2024-09-16,1229.9989013671875,824.3324584960938,1253.1802978515625,365.8382263183594,107.68949890136719,770.0869750976562
2024-09-17,1231.0478515625,823.2718505859375,1258.39013671875,368.9046630859375,104.98778533935547,767.4891967773438
2024-09-18,1239.3907470703125,836.0984497070312,1278.485107421875,367.5162658691406,105.68751525878906,777.145263671875
2024-09-19,1241.6387939453125,842.8571166992188,1282.107177734375,373.9588623046875,104.22975158691406,774.400390625
2024-09-20,1243.9368896484375,858.989013671875,1328.201416015625,380.4613342285156,105.35709381103516,766.3128051757812
2024-09-23,1245.7353515625,868.1651000976562,1311.7781982421875,386.494384765625,108.36978912353516,786.0661010742188
2024-09-24,1238.4915771484375,872.2350463867188,1308.50341796875,382.4989929199219,104.79341888427734,782.5369873046875
2024-09-25,1267.01708984375,877.686279296875,1313.7132568359375,379.1528625488281,102.09171295166016,777.4883422851562
2024-09-26,1276.009521484375,879.8323364257812,1318.87353515625,380.0218505859375,104.26863098144531,786.0661010742188
2024-09-27,1272.0628662109375,864.6376953125,1296.5953369140625,374.0587158203125,106.14427947998047,786.8504028320312
2024-09-30,1231.1478271484375,854.47509765625,1263.252685546875,370.3630065917969,104.19087982177734,772.3907470703125
2024-10-01,1225.6025390625,851.5890502929688,1264.6419677734375,375.4471435546875,102.24720001220703,781.2625732421875
2024-10-03,1174.696044921875,829.7838134765625,1246.7301025390625,364.1401672363281,102.10142517089844,778.4686889648438
2024-10-04,1177.393798828125,817.771240234375,1230.2572021484375,361.3833312988281,102.86917877197266,780.968505859375
2024-10-07,1144.7216796875,798.1119384765625,1224.4520263671875,357.6376647949219,99.19562530517578,755.4802856445312
2024-10-08,1152.3153076171875,814.5152587890625,1227.13134765625,360.2646179199219,99.60379791259766,766.0676879882812
2024-10-09,1169.15087890625,805.6845703125,1234.62353515625,359.7452392578125,101.16845703125,781.7037353515625
2024-10-10,1183.23876953125,820.114501953125,1233.978515625,374.78790283203125,100.77000427246094,781.4096069335938
2024-10-11,1171.4488525390625,814.4905395507812,1213.635498046875,376.04644775390625,101.95565032958984,784.0074462890625
2024-10-14,1163.355712890625,832.7931518554688,1222.3184814453125,381.71990966796875,102.0528335571289,789.3012084960938
2024-10-15,1152.86474609375,830.81982421875,1245.8865966796875,378.6034851074219,102.023681640625,788.81103515625
2024-10-16,1152.2152099609375,838.565185546875,1233.6312255859375,374.83782958984375,102.09171295166016,789.5952758789062
2024-10-17,1130.883544921875,825.4178466796875,1221.8223876953125,372.38067626953125,99.57464599609375,795.0850219726562
2024-10-18,1195.8280029296875,829.7098388671875,1254.8177490234375,373.779052734375,100.36183166503906,804.2510375976562
2024-10-21,1189.28369140625,852.8223876953125,1249.4095458984375,357.4278869628906,99.40943145751953,797.927978515625
2024-10-22,1174.7459716796875,845.841796875,1257.7947998046875,352.2239074707031,92.27613067626953,774.841552734375
2024-10-23,1159.4091796875,856.3251342773438,1242.0164794921875,353.15283203125,93.95741271972656,770.5281372070312
2024-10-24,1166.3531494140625,863.15771484375,1243.15771484375,352.03411865234375,95.9691162109375,778.9097900390625
2024-10-25,1188.3343505859375,860.0744018554688,1245.8370361328125,353.3625793457031,93.02445220947266,765.5775756835938
2024-10-28,1170.599609375,855.5357055664062,1282.95068359375,349.56695556640625,95.86222076416016,776.4590454101562
2024-10-29,1185.8365478515625,864.2430419921875,1321.6519775390625,351.63458251953125,98.4764633178711,816.3088989257812
2024-10-30,1169.400634765625,855.7330322265625,1302.1029052734375,346.5205078125,97.1450424194336,806.2606201171875
2024-10-31,1158.5599365234375,856.2757568359375,1282.355224609375,345.8212890625,95.14305877685547,804.054931640625
2024-11-01,1168.5513916015625,857.0650634765625,1281.90869140625,348.4782409667969,98.13632202148438,805.0352783203125
2024-11-04,1138.2772216796875,845.6197509765625,1267.42041015625,345.4716796875,100.73113250732422,813.5149536132812
2024-11-05,1170.699462890625,867.2030029296875,1286.7711181640625,351.0252685546875,101.76128387451172,832.4840698242188
2024-11-06,1165.50390625,865.9203491210938,1292.3779296875,352.114013671875,103.96736145019531,837.9738159179688
2024-11-07,1158.9095458984375,861.62841796875,1268.908935546875,348.9776611328125,103.7049560546875,842.6793212890625
2024-11-08,1159.9586181640625,865.525634765625,1249.2109375,348.7579040527344,101.83902740478516,826.55322265625
2024-11-11,1170.0001220703125,871.3717041015625,1259.5810546875,348.3983154296875,102.17916870117188,830.964599609375
2024-11-12,1157.1611328125,847.6424560546875,1260.8709716796875,343.8835144042969,100.80888366699219,810.427001953125
2024-11-13,1138.1773681640625,829.463134765625,1244.100341796875,337.1812438964844,97.7281494140625,792.7322998046875
2024-11-14,1139.7259521484375,835.087158203125,1247.325439453125,341.1866149902344,96.68827819824219,788.4188842773438
2024-11-18,1125.23828125,841.1797485351562,1243.852294921875,344.1531982421875,97.69898986816406,798.2710571289062
2024-11-19,1132.981689453125,859.507080078125,1239.53564453125,345.15203857421875,98.01969909667969,787.1934814453125
2024-11-21,1138.1773681640625,858.989013671875,1240.974609375,347.0199279785156,93.65614318847656,765.3814697265625
2024-11-22,1141.424560546875,861.15966796875,1268.2640380859375,351.8843078613281,97.00898742675781,799.9866333007812
2024-11-25,1154.9129638671875,880.8929443359375,1290.9886474609375,357.737548828125,101.17817687988281,827.8275756835938
2024-11-26,1143.822509765625,880.8683471679688,1294.9580078125,356.3092041015625,102.15001678466797,822.8770141601562
2024-11-27,1148.6683349609375,894.06494140625,1290.740478515625,356.22930908203125,101.4405746459961,817.6812744140625
2024-11-28,1131.532958984375,884.6176147460938,1276.5003662109375,351.434814453125,103.29679107666016,822.3377685546875
2024-11-29,1135.3297119140625,886.04833984375,1290.1451416015625,352.6434020996094,101.94593048095703,822.4358520507812
2024-12-02,1136.1290283203125,890.3156127929688,1294.6602783203125,350.3860168457031,102.0431137084961,819.93603515625
2024-12-03,1159.509033203125,900.9715576171875,1298.381591796875,349.57696533203125,104.92948150634766,837.1405639648438
2024-12-04,1158.4599609375,917.6461791992188,1305.9730224609375,351.09521484375,106.91203308105469,842.7774047851562
2024-12-05,1165.404052734375,920.4335327148438,1326.2664794921875,354.6211242675781,106.00821685791016,848.4142456054688
2024-12-06,1183.53857421875,915.5494995117188,1318.5758056640625,354.9807434082031,106.99949645996094,846.649658203125
2024-12-09,1162.2567138671875,922.5302124023438,1312.1751708984375,356.8385925292969,105.70694732666016,841.1598510742188
2024-12-10,1152.6649169921875,921.5928344726562,1320.2626953125,358.5266418457031,107.35907745361328,850.423828125
2024-12-11,1146.2703857421875,919.1261596679688,1317.3353271484375,358.5266418457031,105.52230072021484,844.6399536132812
2024-12-12,1144.6717529296875,917.2268676757812,1319.0718994140625,353.3326110839844,104.78369903564453,836.8955078125
2024-12-13,1147.169677734375,923.3934936523438,1334.6021728515625,360.714111328125,104.69623565673828,844.5909423828125
2024-12-16,1149.917236328125,920.1621704101562,1335.7928466796875,360.4743957519531,105.13356018066406,844.0028076171875
2024-12-17,1135.27978515625,904.4002685546875,1323.5374755859375,356.3990783691406,103.00523376464844,833.8074951171875
2024-12-18,1121.291748046875,893.275634765625,1304.087646484375,355.59002685546875,100.12859344482422,821.651611328125
2024-12-19,1107.953125,884.790283203125,1277.0462646484375,352.01416015625,100.60478973388672,816.4068603515625
2024-12-20,1070.9346923828125,873.93701171875,1278.5347900390625,348.30841064453125,97.9322280883789,796.016357421875
2024-12-23,1078.228515625,888.4902954101562,1286.8704833984375,348.6679992675781,98.52505493164062,804.9862670898438
2024-12-24,1077.978759765625,887.0596313476562,1287.3170166015625,349.4071350097656,98.7777328491211,796.0653686523438
2024-12-26,1075.780517578125,883.4336547851562,1287.4161376953125,350.1562805175781,99.28309631347656,796.45751953125
2024-12-27,1076.5299072265625,887.1336669921875,1297.5382080078125,351.5746765136719,98.58336639404297,783.9094848632812
2024-12-30,1069.036376953125,877.0943603515625,1284.7369384765625,347.73907470703125,98.89435577392578,772.7828369140625
2024-12-31,1063.790771484375,874.6029663085938,1271.83642578125,356.7986145019531,99.88562774658203,779.3019409179688
2025-01-01,1070.8848876953125,879.4869995117188,1273.8211669921875,357.26806640625,99.76901245117188,777.58642578125
2025-01-02,1085.672119140625,884.9136352539062,1280.7178955078125,367.0068664550781,102.50959777832031,785.428955078125
2025-01-03,1083.9736328125,862.9356689453125,1255.363525390625,367.3065185546875,103.40369415283203,777.782470703125
2025-01-06,1062.491943359375,843.84375,1254.4207763671875,355.5201110839844,98.87491607666016,761.1171264648438
2025-01-07,1066.5885009765625,845.2744140625,1269.454833984375,354.0018615722656,100.20633697509766,763.4208374023438
2025-01-08,1074.0321044921875,835.8518676757812,1254.073486328125,353.3226623535156,99.09844207763672,755.970458984375
2025-01-09,1060.8433837890625,822.778564453125,1252.73388671875,357.627685546875,99.15675354003906,745.4810791015625
2025-01-10,1039.811279296875,817.3272094726562,1240.2799072265625,350.8354797363281,95.86222076416016,728.61962890625
2025-01-13,1048.404052734375,804.5499267578125,1220.3338623046875,347.27960205078125,92.73289489746094,715.1403198242188
2025-01-14,1050.7520751953125,812.3198852539062,1230.8031005859375,349.716796875,95.6386947631836,733.4232177734375
2025-01-15,1025.9232177734375,810.568603515625,1228.7686767578125,357.5078125,95.48320007324219,738.8639526367188
2025-01-16,1037.1136474609375,815.0086059570312,1239.53564453125,360.6941223144531,97.3977279663086,751.2158813476562
2025-01-17,990.2037353515625,807.4605712890625,1216.066650390625,351.31494140625,97.31025695800781,749.0592041015625
2025-01-20,987.206298828125,814.6138916015625,1223.50927734375,383.65765380859375,98.15576171875,763.9110107421875
2025-01-21,969.37158203125,810.2479248046875,1186.9910888671875,378.22393798828125,97.49490356445312,744.1085815429688
2025-01-22,958.4808349609375,821.9152221679688,1191.258056640625,383.058349609375,95.43460845947266,738.6188354492188
2025-01-23,950.2379150390625,821.347900390625,1192.5482177734375,378.5335693359375,96.62997436523438,731.2174682617188
2025-01-24,947.6900634765625,813.8986206054688,1199.941162109375,376.8055419921875,94.87094116210938,729.501953125
2025-01-27,947.2904052734375,804.0319213867188,1218.547607421875,375.8466796875,92.82036590576172,734.4525146484375
2025-01-28,982.9598999023438,824.0612182617188,1237.3525390625,377.1152038574219,96.9701156616211,737.5895385742188
2025-01-29,982.560302734375,827.4651489257812,1242.066162109375,383.6277160644531,95.01671600341797,743.5204467773438
2025-01-30,983.8591918945312,834.4705200195312,1245.98583984375,379.8620300292969,93.80191802978516,747.5887451171875
2025-01-31,985.2579345703125,838.047119140625,1243.2073974609375,379.82208251953125,98.3501205444336,757.68603515625
2025-02-01,997.2977294921875,834.1991577148438,1245.936279296875,380.1816711425781,96.5522232055664,750.9218139648438
2025-02-03,988.55517578125,827.8104858398438,1243.40576171875,376.4659423828125,95.55123138427734,745.9712524414062
2025-02-04,1014.4330444335938,848.9744873046875,1258.4893798828125,385.2558288574219,96.26067352294922,763.8619995117188
2025-02-05,1012.4347534179688,857.311767578125,1257.9931640625,381.9096984863281,97.43659973144531,750.9708251953125
2025-02-06,1019.8284301757812,860.29638671875,1262.6572265625,382.74871826171875,96.91180419921875,737.4424438476562
2025-02-07,1023.2255249023438,854.8204345703125,1247.2760009765625,385.4056396484375,96.47447204589844,722.688720703125
2025-02-10,1010.8860473632812,846.4337158203125,1252.9322509765625,391.5785217285156,95.54151153564453,722.2965698242188
2025-02-11,1006.539794921875,839.3544311523438,1243.15771484375,383.2781066894531,92.53852844238281,716.7088012695312
2025-02-12,1006.0402221679688,842.0184326171875,1242.2149658203125,388.3422546386719,92.9758529663086,718.7184448242188
2025-02-13,1007.339111328125,837.5291137695312,1239.337158203125,394.1056213378906,91.97486114501953,713.3267211914062
2025-02-14,996.6482543945312,836.1231079101562,1250.451416015625,390.03033447265625,89.65216827392578,707.9349975585938
2025-02-17,992.1021118164062,847.2230834960938,1241.5699462890625,388.6119384765625,90.55597686767578,713.375732421875
2025-02-18,993.3011474609375,850.0350952148438,1233.531982421875,392.2178039550781,89.27314758300781,711.5131225585938
2025-02-19,1010.4863891601562,852.0823974609375,1251.9896240234375,396.5428161621094,90.24498748779297,712.9835815429688
2025-02-20,1016.3314208984375,832.2998046875,1240.379150390625,393.6561279296875,92.9564208984375,715.3363647460938
2025-02-21,1008.0885009765625,834.9638061523438,1223.50927734375,390.16015625,91.59584045410156,707.7879028320312
2025-02-24,1009.1875,827.366455078125,1209.0211181640625,392.76715087890625,91.3431625366211,702.2981567382812
2025-02-25,1008.23828125,829.9564819335938,1214.7767333984375,392.9969177246094,90.49766540527344,696.9064331054688
2025-02-27,1015.8318481445312,839.0091552734375,1213.0897216796875,389.0614318847656,89.37033081054688,690.0442504882812
2025-02-28,1014.6828002929688,854.6477661132812,1194.8802490234375,380.1517028808594,84.92902374267578,675.241455078125
2025-03-03,1006.389892578125,839.428466796875,1196.964111328125,382.4790344238281,84.83184051513672,681.6134643554688
2025-03-04,1000.944580078125,843.5971069335938,1201.1319580078125,381.1205749511719,84.6374740600586,701.9550170898438
2025-03-05,1013.5838012695312,833.73046875,1206.391357421875,386.17474365234375,87.21284484863281,715.9735107421875
2025-03-06,1033.2169189453125,834.3224487304688,1208.7235107421875,383.8973693847656,88.42764282226562,717.6400756835938
2025-03-07,1036.7640380859375,833.3604736328125,1205.250244140625,386.63421630859375,88.60257720947266,718.3262939453125
2025-03-10,1034.9654541015625,832.4971313476562,1205.5478515625,383.9073791503906,86.10494995117188,714.5521240234375
2025-03-11,1024.774169921875,831.510498046875,1235.864013671875,386.59429931640625,85.68705749511719,715.4833984375
2025-03-12,1010.3365478515625,844.1644287109375,1234.425048828125,396.0533752441406,84.45282745361328,708.8172607421875
2025-03-13,1009.33740234375,841.9197998046875,1240.4783935546875,396.5627746582031,84.74437713623047,713.5227661132812
2025-03-17,1033.2669677734375,843.79443359375,1259.2833251953125,398.16094970703125,85.00677490234375,708.915283203125
2025-03-18,1033.2669677734375,843.79443359375,1259.2833251953125,398.16094970703125,85.00677490234375,708.915283203125
2025-03-19,1051.1517333984375,860.4197387695312,1303.0455322265625,403.8443908691406,88.45680236816406,730.4331665039062
2025-03-20,1053.44970703125,872.5803833007812,1311.5797119140625,406.6611328125,88.72891998291016,734.7955932617188
2025-03-21,1069.2362060546875,873.3696899414062,1332.81591796875,415.3211364746094,90.51710510253906,738.373779296875
2025-03-24,1096.9124755859375,887.9969482421875,1347.750732421875,434.7287902832031,93.22853088378906,765.4304809570312
2025-03-25,1117.594970703125,898.5789184570312,1333.4112548828125,433.50018310546875,91.1682357788086,757.636962890625
2025-03-26,1095.31396484375,891.2283325195312,1325.6710205078125,428.4859924316406,90.24498748779297,748.961181640625
2025-03-27,1097.412109375,900.5029296875,1326.415283203125,425.23974609375,93.69502258300781,757.0977783203125
2025-03-28,1101.0589599609375,901.908935546875,1338.025634765625,433.7398986816406,93.42289733886719,756.3135375976562
2025-04-01,1084.6729736328125,872.1363525390625,1308.3546142578125,428.68572998046875,93.52980041503906,756.5096435546875
2025-04-02,1083.52392578125,886.4676513671875,1321.056640625,430.42376708984375,94.59882354736328,760.6759643554688
2025-04-03,1088.9193115234375,885.456298828125,1319.3697509765625,426.02880859375,96.21208190917969,763.8619995117188
2025-04-04,1090.3681640625,896.5316162109375,1325.07568359375,425.89898681640625,93.8893814086914,752.34326171875
2025-04-07,1047.0550537109375,867.1289672851562,1277.6912841796875,407.10064697265625,92.2469711303711,732.1978149414062
2025-04-08,1076.9295654296875,872.7777099609375,1289.9466552734375,410.556640625,94.18093872070312,753.4706420898438
2025-04-09,1060.7435302734375,870.7303466796875,1290.83984375,410.0672302246094,93.06332397460938,727.59033203125
2025-04-11,1068.0372314453125,891.3269653320312,1301.606689453125,421.75372314453125,93.37431335449219,739.0109252929688
2025-04-15,1111.849853515625,920.01416015625,1339.8614501953125,423.5516662597656,93.86994171142578,748.4710083007812
2025-04-16,1160.3084716796875,926.476806640625,1346.0140380859375,424.19091796875,96.04686737060547,756.5586547851562
2025-04-17,1189.783203125,940.6353759765625,1395.9288330078125,437.11602783203125,96.697998046875,781.7527465820312
2025-04-21,1221.9556884765625,950.6994018554688,1399.0052490234375,447.7637634277344,99.41915130615234,800.6238403320312
2025-04-22,1215.760986328125,967.7686767578125,1405.6539306640625,453.2374572753906,100.46873474121094,806.211669921875
2025-04-23,1205.8695068359375,949.1207885742188,1413.493408203125,444.8870544433594,100.1091537475586,797.4378051757812
2025-04-24,1206.0692138671875,945.6181030273438,1391.95947265625,444.0879821777344,99.8078842163086,797.3887939453125
2025-04-25,1165.30419921875,942.8554077148438,1394.04345703125,440.3722839355469,96.49391174316406,782.9291381835938
2025-04-28,1191.781494140625,947.29541015625,1417.8597412109375,444.6073913574219,99.29280853271484,801.260986328125
2025-04-29,1186.2862548828125,941.6715087890625,1418.85205078125,440.49212646484375,99.73985290527344,796.5554809570312
2025-04-30,1183.9881591796875,949.6633911132812,1416.073486328125,441.1114196777344,97.38800048828125,773.1259765625
2025-05-02,1182.3895263671875,948.1340942382812,1419.149658203125,435.8374938964844,96.697998046875,781.0175170898438
2025-05-05,1172.1981201171875,955.4847412109375,1418.455078125,416.49981689453125,96.60081481933594,774.4494018554688
2025-05-06,1160.4083251953125,952.9686889648438,1420.63818359375,414.3222961425781,91.80964660644531,758.8623657226562
2025-05-07,1160.3084716796875,959.8259887695312,1424.4091796875,418.49749755859375,91.59584045410156,760.822998046875
2025-05-08,1171.198974609375,951.3900756835938,1424.5084228515625,422.0334167480469,88.7872314453125,753.8627319335938
2025-05-09,1150.1170654296875,932.248779296875,1378.2652587890625,420.1355895996094,89.38005065917969,763.9110107421875
2025-05-12,1201.9727783203125,965.5486450195312,1437.4088134765625,428.5059509277344,93.08275604248047,785.8701171875
2025-05-13,1192.580810546875,948.4794311523438,1419.6458740234375,422.6327209472656,94.92925262451172,785.9680786132812
2025-05-14,1194.4791259765625,942.5594482421875,1415.279541015625,417.9980773925781,95.12361907958984,784.9387817382812
2025-05-15,1208.0675048828125,954.0047607421875,1439.6912841796875,420.7948303222656,95.55123138427734,791.8499755859375
2025-05-16,1207.767822265625,954.44873046875,1442.86669921875,421.1544494628906,96.12461853027344,792.0999755859375
2025-05-19,1201.77294921875,956.4220581054688,1437.905029296875,421.75372314453125,98.06829833984375,795.0
2025-05-20,1194.7789306640625,944.6807861328125,1427.1876220703125,417.53857421875,97.66011810302734,785.6500244140625
2025-05-21,1196.7772216796875,950.5514526367188,1433.637939453125,413.7829284667969,99.0304183959961,787.0999755859375
2025-05-22,1187.485107421875,947.1474609375,1431.057861328125,412.6842041015625,97.54350280761719,785.25
2025-05-23,1209.066650390625,953.906005859375,1438.698974609375,419.6761474609375,97.55321502685547,790.5
2025-05-26,1214.162353515625,957.1620483398438,1449.4161376953125,417.3787536621094,98.11688232421875,794.4000244140625
2025-05-27,1194.5791015625,950.3048095703125,1435.324951171875,415.00152587890625,99.14703369140625,793.7000122070312
2025-05-28,1193.6798095703125,948.9234619140625,1442.6683349609375,414.3822326660156,99.40943145751953,796.5499877929688
2025-05-29,1200.673828125,950.896728515625,1445.3475341796875,415.840576171875,99.42886352539062,797.3499755859375
2025-05-30,1191.181884765625,959.4807739257812,1434.7296142578125,414.462158203125,102.84001922607422,812.2999877929688
2025-06-02,1193.380126953125,953.1660766601562,1439.3935546875,412.24468994140625,105.40567779541016,813.6500244140625
2025-06-03,1180.4910888671875,949.466064453125,1426.8900146484375,408.4291076660156,106.35808563232422,809.7999877929688
2025-06-04,1170.0001220703125,957.6553955078125,1420.0428466796875,408.7886962890625,106.45526885986328,806.5
2025-06-05,1158.0103759765625,961.7993774414062,1443.66064453125,407.5101623535156,105.94990539550781,806.0
2025-06-06,1193.5799560546875,976.1552734375,1448.5230712890625,414.2024230957031,107.07723999023438,813.0499877929688
2025-06-09,1218.8583984375,976.2539672851562,1423.8138427734375,427.14752197265625,109.04035186767578,820.0499877929688
2025-06-10,1231.747314453125,969.5447387695312,1412.0048828125,429.72454833984375,108.6224594116211,817.0499877929688
2025-06-11,1230.3485107421875,962.194091796875,1420.0428466796875,428.5658874511719,107.19386291503906,815.0499877929688
2025-06-12,1211.8643798828125,958.74072265625,1414.2872314453125,424.8701171875,104.97806549072266,805.9500122070312
2025-06-13,1204.7703857421875,946.0127563476562,1405.2569580078125,420.99462890625,103.60777282714844,792.3499755859375
2025-06-16,1214.3621826171875,954.7940673828125,1415.9742431640625,427.30731201171875,103.78270721435547,792.5
2025-06-17,1214.0623779296875,951.9327392578125,1412.302490234375,426.8678283691406,102.89833068847656,792.2999877929688
2025-06-18,1219.9573974609375,954.0540771484375,1401.78369140625,425.9888610839844,102.50959777832031,791.9000244140625
2025-06-19,1216.4603271484375,954.7447509765625,1400.4937744140625,428.78564453125,100.08000183105469,785.0999755859375
2025-06-20,1219.6575927734375,969.2486572265625,1416.1727294921875,433.4602355957031,103.04000091552734,796.1500244140625
2025-06-23,1213.063232421875,961.2073364257812,1409.226318359375,436.31695556640625,103.91000366210938,790.2000122070312
2025-06-24,1220.1572265625,967.3740234375,1413.1956787109375,444.2078552246094,105.22000122070312,795.4000244140625
2025-06-25,1212.2640380859375,976.8953247070312,1414.8826904296875,439.1536865234375,105.94000244140625,800.0499877929688
2025-06-26,1232.44677734375,997.41796875,1428.080810546875,440.27239990234375,106.25,797.0499877929688
2025-06-27,1224.0538330078125,1004.9491577148438,1451.00390625,441.0714416503906,106.33999633789062,805.4000244140625
2025-06-30,1198.1759033203125,998.2658081054688,1434.7296142578125,432.2016906738281,110.5,820.3499755859375
2025-07-01,1172.2982177734375,1003.5526123046875,1421.03515625,436.2170715332031,113.06999969482422,820.2999877929688
2025-07-02,1174.2965087890625,990.5350341796875,1416.867431640625,433.3204040527344,113.8499984741211,812.9000244140625
2025-07-03,1170.0999755859375,991.0836181640625,1414.98193359375,424.8302001953125,110.2300033569336,807.0999755859375
2025-07-04,1177.5999755859375,992.1809692382812,1431.7525634765625,425.4694519042969,110.8499984741211,811.8499755859375
2025-07-07,1175.0999755859375,991.2332763671875,1424.706787109375,429.46484375,112.51000213623047,806.8499755859375
2025-07-08,1165.4000244140625,998.2159423828125,1430.9586181640625,444.38763427734375,112.01000213623047,812.6500244140625
2025-07-09,1164.699951171875,1003.1036987304688,1420.93603515625,445.3465270996094,111.0,810.9500122070312
2025-07-10,1164.300048828125,1000.6099243164062,1413.1956787109375,440.2524108886719,109.76000213623047,808.0
2025-07-11,1173.800048828125,989.3878784179688,1411.0125732421875,443.6085510253906,110.20999908447266,808.6500244140625
2025-07-14,1172.699951171875,989.0387573242188,1412.1041259765625,440.2524108886719,110.72000122070312,808.8499755859375
2025-07-15,1165.9000244140625,995.2732543945312,1419.844482421875,437.11602783203125,112.23999786376953,816.4500122070312
2025-07-16,1168.4000244140625,995.6722412109375,1415.4781494140625,435.3780212402344,114.97000122070312,831.7000122070312
2025-07-17,1159.800048828125,990.98388671875,1407.8370361328125,433.6600036621094,113.79000091552734,829.0
2025-07-18,1099.300048828125,976.2705078125,1414.8826904296875,428.1000061035156,113.3499984741211,823.3499755859375
2025-07-21,1099.5999755859375,997.7670288085938,1454.576416015625,433.0400085449219,112.5999984741211,824.2000122070312
2025-07-22,1098.0,1001.058837890625,1462.316650390625,432.0400085449219,109.33000183105469,815.0
2025-07-23,1104.800048828125,1009.6375122070312,1477.2017822265625,434.0799865722656,109.91999816894531,820.6500244140625
2025-07-24,1095.0999755859375,1004.5999755859375,1472.0416259765625,428.4200134277344,110.66999816894531,815.7000122070312
2025-07-25,1086.0999755859375,1002.2999877929688,1465.789794921875,424.9200134277344,108.41000366210938,806.5499877929688
2025-07-28,1073.5999755859375,1004.25,1477.00341796875,393.32000732421875,106.79000091552734,797.1500244140625
2025-07-29,1064.199951171875,1010.7999877929688,1474.8201904296875,394.5400085449219,109.29000091552734,799.2000122070312
2025-07-30,1073.300048828125,1012.9000244140625,1471.04931640625,391.94000244140625,108.0999984741211,801.6500244140625
2025-07-31,1068.4000244140625,1009.0999755859375,1470.0570068359375,395.7200012207031,105.37999725341797,796.5499877929688
2025-08-01,1062.4000244140625,1006.0999755859375,1460.3319091796875,398.4800109863281,103.18000030517578,794.0
2025-08-04,1068.5999755859375,996.0,1451.9962158203125,399.3999938964844,104.66000366210938,795.7000122070312
2025-08-05,1070.800048828125,988.7999877929688,1433.3402099609375,400.6000061035156,103.66000366210938,800.5999755859375
2025-08-06,1071.0,992.6500244140625,1432.54638671875,400.4800109863281,103.83000183105469,805.1500244140625
2025-08-07,1076.199951171875,997.7000122070312,1429.271728515625,398.4200134277344,104.69000244140625,805.1500244140625
2025-08-08,1058.0999755859375,986.9500122070312,1424.9053955078125,390.5400085449219,103.94999694824219,804.2999877929688
2025-08-11,1073.300048828125,997.7999877929688,1425.5999755859375,395.17999267578125,106.54000091552734,823.4500122070312
2025-08-12,1070.0,984.9500122070312,1422.0,391.79998779296875,106.6500015258789,820.5999755859375
2025-08-13,1066.0,990.1500244140625,1420.800048828125,397.5400085449219,106.63999938964844,821.8499755859375
2025-08-14,1068.199951171875,995.5499877929688,1427.300048828125,395.6400146484375,106.27999877929688,826.5499877929688
2025-08-18,1082.5999755859375,1001.7999877929688,1434.5999755859375,400.2799987792969,106.7699966430664,827.6500244140625
2025-08-19,1083.199951171875,995.5499877929688,1436.300048828125,405.9800109863281,107.9000015258789,830.4000244140625
2025-08-20,1080.199951171875,994.0999755859375,1430.5999755859375,403.5,107.11000061035156,828.9500122070312
2025-08-21,1078.9000244140625,995.5999755859375,1446.0,403.55999755859375,107.16000366210938,825.7000122070312
2025-08-22,1070.9000244140625,982.2999877929688,1436.4000244140625,397.32000732421875,105.29000091552734,816.25
2025-08-25,1070.0,982.0499877929688,1433.199951171875,396.6600036621094,105.22000122070312,816.4500122070312
2025-08-26,1050.0999755859375,973.4000244140625,1416.5999755859375,393.1400146484375,102.7699966430664,807.8499755859375
2025-08-28,1051.9000244140625,957.7999877929688,1399.0999755859375,388.94000244140625,101.44999694824219,801.9500122070312
2025-08-29,1045.199951171875,951.5999755859375,1397.800048828125,392.05999755859375,100.87999725341797,802.5
2025-09-01,1061.5,950.5999755859375,1411.0,393.7200012207031,102.29000091552734,806.0499877929688
2025-09-02,1056.199951171875,944.5,1394.199951171875,388.5,102.86000061035156,803.9000244140625
2025-09-03,1054.699951171875,954.4500122070312,1397.0,392.0400085449219,104.30000305175781,812.1500244140625
2025-09-04,1050.4000244140625,961.25,1405.5,389.94000244140625,103.41999816894531,809.4000244140625
2025-09-05,1055.9000244140625,963.4000244140625,1402.800048828125,389.1000061035156,103.75,806.5999755859375
2025-09-08,1055.5,966.0,1402.699951171875,390.0199890136719,104.20999908447266,808.7999877929688
2025-09-09,1052.199951171875,965.1500244140625,1403.699951171875,392.0799865722656,104.27999877929688,808.8499755859375
2025-09-10,1070.0999755859375,965.9000244140625,1403.9000244140625,394.6600036621094,106.26000213623047,818.2000122070312
2025-09-11,1087.4000244140625,967.7999877929688,1401.5999755859375,394.4599914550781,107.76000213623047,823.6500244140625
2025-09-12,1105.300048828125,967.2999877929688,1417.699951171875,394.4599914550781,107.30999755859375,823.5499877929688
2025-09-15,1104.4000244140625,967.0499877929688,1419.4000244140625,394.1600036621094,108.51000213623047,824.75
2025-09-16,1121.199951171875,966.8499755859375,1421.5999755859375,404.3399963378906,108.44000244140625,831.5499877929688
2025-09-17,1126.0,966.5,1419.199951171875,410.05999755859375,111.97000122070312,857.1500244140625
2025-09-18,1133.0,976.9000244140625,1421.699951171875,410.9200134277344,111.86000061035156,854.3499755859375
2025-09-19,1135.9000244140625,966.9000244140625,1402.199951171875,406.20001220703125,113.30000305175781,862.3499755859375
2025-09-22,1144.4000244140625,964.2000122070312,1401.5,404.3399963378906,113.04000091552734,855.25
2025-09-23,1170.800048828125,957.2000122070312,1394.300048828125,409.5400085449219,113.43000030517578,870.5999755859375
2025-09-24,1158.9000244140625,951.0499877929688,1382.699951171875,406.260009765625,111.01000213623047,866.2000122070312
2025-09-25,1166.5999755859375,949.8499755859375,1375.800048828125,402.70001220703125,111.4000015258789,861.1500244140625
2025-09-26,1154.0,945.0499877929688,1359.5999755859375,398.9599914550781,107.79000091552734,856.9500122070312
2025-09-29,1132.199951171875,950.2999877929688,1348.0999755859375,398.32000732421875,109.51000213623047,870.75
2025-09-30,1131.5999755859375,951.0,1348.0,398.5400085449219,112.83000183105469,872.4500122070312
2025-10-01,1159.5,965.25,1372.0,412.6600036621094,112.55000305175781,864.0999755859375
2025-10-03,1181.0,965.1500244140625,1365.199951171875,420.1000061035156,114.37000274658203,867.2999877929688
2025-10-06,1212.800048828125,973.4500122070312,1363.4000244140625,429.20001220703125,114.54000091552734,874.0499877929688
2025-10-07,1186.800048828125,982.5,1375.9000244140625,425.3800048828125,114.16999816894531,864.7000122070312
2025-10-08,1180.5999755859375,978.7000122070312,1370.300048828125,423.55999755859375,113.13999938964844,858.25
2025-10-09,1167.4000244140625,977.0999755859375,1376.199951171875,428.9200134277344,114.30000305175781,862.0999755859375
2025-10-10,1180.4000244140625,980.9000244140625,1380.300048828125,430.0199890136719,117.23999786376953,880.6500244140625
2025-10-13,1189.5999755859375,977.0,1379.4000244140625,430.4200134277344,116.94999694824219,882.9500122070312
2025-10-14,1176.800048828125,977.1500244140625,1384.0999755859375,430.3599853515625,115.2699966430664,876.9500122070312
2025-10-15,1169.5999755859375,978.25,1398.4000244140625,429.9200134277344,116.4000015258789,886.0999755859375
2025-10-16,1196.300048828125,994.3499755859375,1417.300048828125,441.0799865722656,116.11000061035156,886.9500122070312
2025-10-17,1200.199951171875,1002.5499877929688,1436.5999755859375,441.1600036621094,113.69999694824219,889.1500244140625
2025-10-20,1226.0,1002.9500122070312,1390.300048828125,442.760009765625,118.0999984741211,907.5
2025-10-21,1237.300048828125,1007.7000122070312,1382.0,439.3999938964844,117.66999816894531,907.8499755859375
2025-10-23,1258.800048828125,1008.7999877929688,1363.699951171875,445.1199951171875,118.22000122070312,911.5499877929688
2025-10-24,1241.9000244140625,994.75,1377.699951171875,437.3999938964844,116.94000244140625,904.5
2025-10-27,1254.0999755859375,1002.9500122070312,1377.5999755859375,429.7200012207031,119.62999725341797,922.75
2025-10-28,1246.300048828125,1003.5499877929688,1363.0999755859375,432.1600036621094,121.12999725341797,930.25
2025-10-29,1248.800048828125,1007.8499755859375,1370.4000244140625,430.1000061035156,121.0999984741211,939.75
2025-10-30,1238.5999755859375,998.1500244140625,1362.4000244140625,427.44000244140625,120.08999633789062,934.3499755859375
2025-10-31,1232.800048828125,987.2999877929688,1345.300048828125,420.44000244140625,122.88999938964844,937.0
2025-11-03,1233.699951171875,992.6500244140625,1346.4000244140625,422.70001220703125,123.5199966430664,949.7000122070312
2025-11-04,1226.5999755859375,985.25,1336.9000244140625,419.32000732421875,123.25,957.5999755859375
2025-11-06,1228.5,984.6500244140625,1320.4000244140625,416.6400146484375,120.45999908447266,960.75
2025-11-07,1222.800048828125,982.2999877929688,1343.0,417.6600036621094,122.37999725341797,955.8499755859375
2025-11-10,1217.0,984.5,1348.0,418.5400085449219,122.33999633789062,951.1500244140625
2025-11-11,1222.5,991.7000122070312,1358.300048828125,417.3800048828125,122.0199966430664,953.2999877929688
2025-11-12,1221.5999755859375,989.5,1358.9000244140625,416.8999938964844,122.44999694824219,957.1500244140625
2025-11-13,1225.199951171875,986.6500244140625,1385.9000244140625,415.0400085449219,121.06999969482422,954.0
2025-11-14,1241.5999755859375,989.5999755859375,1373.0,415.94000244140625,122.20999908447266,967.8499755859375
2025-11-17,1249.5999755859375,996.5499877929688,1379.0,420.5799865722656,123.0,973.3499755859375
2025-11-18,1265.4000244140625,992.4500122070312,1373.4000244140625,418.6199951171875,122.37999725341797,972.4500122070312
2025-11-19,1270.4000244140625,994.5999755859375,1383.0999755859375,421.17999267578125,125.05999755859375,982.75
2025-11-20,1285.199951171875,1008.8499755859375,1383.0,419.739990234375,123.86000061035156,981.5499877929688
2025-11-21,1275.800048828125,998.0499877929688,1369.5,417.55999755859375,122.37000274658203,972.5999755859375
2025-11-24,1269.0,999.1500244140625,1368.4000244140625,417.4599914550781,121.75,970.5999755859375
2025-11-25,1266.300048828125,989.7999877929688,1357.800048828125,413.9800109863281,123.05000305175781,983.5999755859375
2025-11-26,1290.199951171875,1003.9000244140625,1375.0,420.760009765625,124.98999786376953,983.9000244140625
2025-11-27,1287.300048828125,1009.5,1392.199951171875,422.0400085449219,124.93000030517578,972.8499755859375
2025-11-28,1279.699951171875,1007.5999755859375,1388.800048828125,424.8800048828125,124.5,979.0
2025-12-01,1275.699951171875,1002.0999755859375,1390.0999755859375,429.5199890136719,125.30000305175781,973.0999755859375
2025-12-02,1258.0,989.7999877929688,1373.0,428.4800109863281,125.3499984741211,967.2999877929688
2025-12-03,1270.699951171875,1000.5,1391.5,429.2200012207031,119.80000305175781,951.0499877929688
2025-12-04,1280.0,997.2000122070312,1386.699951171875,427.0799865722656,119.52999877929688,948.0999755859375
2025-12-05,1282.5,1003.2999877929688,1392.5,430.9800109863281,121.70999908447266,971.5
2025-12-08,1273.800048828125,1003.0999755859375,1389.5999755859375,426.32000732421875,116.0,956.4000244140625
2025-12-09,1275.9000244140625,997.0999755859375,1375.199951171875,425.5400085449219,117.83000183105469,959.3499755859375
2025-12-10,1278.5999755859375,989.7999877929688,1363.5999755859375,425.8999938964844,117.16000366210938,959.75
2025-12-11,1272.699951171875,1000.2999877929688,1360.0,436.0400085449219,117.56999969482422,963.25
2025-12-12,1286.0999755859375,1001.5,1366.0,435.32000732421875,117.80999755859375,963.1500244140625
2025-12-15,1284.800048828125,996.0999755859375,1365.199951171875,436.260009765625,118.73999786376953,967.25
2025-12-16,1219.5999755859375,994.2999877929688,1366.0,436.4800109863281,117.02999877929688,961.1500244140625
2025-12-17,1224.699951171875,984.0,1352.4000244140625,434.6400146484375,119.33000183105469,975.8499755859375
2025-12-18,1229.800048828125,979.7000122070312,1356.800048828125,432.9200134277344,118.9000015258789,977.5499877929688
2025-12-19,1230.5999755859375,985.5,1354.0999755859375,431.8999938964844,119.81999969482422,980.2999877929688
2025-12-22,1233.199951171875,987.7000122070312,1368.5,429.94000244140625,121.30999755859375,974.2999877929688
2025-12-23,1225.0,996.5999755859375,1363.0,432.5400085449219,120.9000015258789,971.9000244140625
2025-12-24,1226.300048828125,997.2000122070312,1359.800048828125,432.739990234375,120.93000030517578,968.9500122070312
2025-12-26,1228.199951171875,992.0999755859375,1350.4000244140625,432.8399963378906,120.37000274658203,966.2999877929688
2025-12-29,1232.0,991.7000122070312,1343.300048828125,431.7200012207031,120.54000091552734,965.0499877929688
2025-12-30,1246.0,990.9000244140625,1342.5,430.5400085449219,122.37999725341797,973.4500122070312
2025-12-31,1269.4000244140625,991.2000122070312,1342.9000244140625,440.2200012207031,123.58000183105469,982.2000122070312
2026-01-01,1274.4000244140625,991.1500244140625,1338.0,443.55999755859375,123.94000244140625,984.75
2026-01-02,1266.9000244140625,1001.5999755859375,1355.4000244140625,439.0199890136719,125.3499984741211,998.9500122070312
2026-01-05,1285.800048828125,977.5,1371.5,438.17999267578125,125.08000183105469,1005.5499877929688
2026-01-06,1293.800048828125,962.2000122070312,1411.199951171875,429.2799987792969,125.47000122070312,1018.9000244140625
2026-01-07,1295.5,949.0499877929688,1427.699951171875,428.79998779296875,125.68000030517578,1007.1500244140625
2026-01-08,1286.800048828125,946.7000122070312,1435.0,426.6000061035156,122.80999755859375,998.0
2026-01-09,1272.0,939.0,1404.300048828125,425.3599853515625,122.9000015258789,1000.5
2026-01-12,1274.199951171875,936.9500122070312,1413.0999755859375,426.6600036621094,123.16000366210938,1015.1500244140625
2026-01-13,1262.0,937.3499755859375,1437.0,426.5199890136719,124.5199966430664,1028.449951171875
2026-01-14,1298.800048828125,925.4500122070312,1418.4000244140625,421.0,128.67999267578125,1028.3499755859375
2026-01-15,1298.800048828125,925.4500122070312,1418.4000244140625,421.0,128.67999267578125,1028.3499755859375
2026-01-16,1294.199951171875,931.0999755859375,1410.800048828125,418.20001220703125,132.36000061035156,1042.300048828125
2026-01-19,1307.5,927.9000244140625,1380.5999755859375,426.8999938964844,128.0500030517578,1038.4000244140625
2026-01-20,1293.5,931.2000122070312,1375.800048828125,423.79998779296875,125.7699966430664,1036.4000244140625
2026-01-21,1284.9000244140625,920.3499755859375,1349.0,421.6000061035156,123.98999786376953,1028.6500244140625
2026-01-22,1294.800048828125,918.7000122070312,1345.5,426.0,125.16000366210938,1048.3499755859375
2026-01-23,1258.0,916.0999755859375,1343.4000244140625,422.79998779296875,120.1500015258789,1029.5
2026-01-27,1315.800048828125,926.4000244140625,1361.4000244140625,408.70001220703125,122.94999694824219,1053.1500244140625
2026-01-28,1319.800048828125,932.7000122070312,1367.699951171875,412.3999938964844,124.5,1063.5
2026-01-29,1363.699951171875,935.5,1383.5999755859375,412.3999938964844,125.25,1066.199951171875
2026-01-30,1370.4000244140625,929.25,1355.0,408.0,125.19000244140625,1077.1500244140625
2026-02-02,1311.5,928.0999755859375,1352.800048828125,408.20001220703125,122.0199966430664,1028.699951171875
2026-02-03,1356.199951171875,948.7000122070312,1389.699951171875,415.79998779296875,123.86000061035156,1064.199951171875
2026-02-04,1338.699951171875,953.0999755859375,1408.4000244140625,412.3500061035156,123.6500015258789,1068.199951171875
2026-02-05,1330.5999755859375,949.7000122070312,1396.5,408.75,124.0999984741211,1073.5
2026-02-06,1341.5999755859375,941.0999755859375,1406.0999755859375,422.3500061035156,122.8499984741211,1066.4000244140625
2026-02-09,1341.4000244140625,937.25,1396.300048828125,428.79998779296875,123.44000244140625,1146.0
2026-02-10,1356.699951171875,932.4000244140625,1406.5,429.29998779296875,122.95999908447266,1144.0999755859375
2026-02-11,1347.300048828125,927.0999755859375,1406.0999755859375,429.54998779296875,122.91000366210938,1182.9000244140625
2026-02-12,1340.0,920.5999755859375,1430.0,426.25,120.95999908447266,1192.4000244140625
2026-02-13,1332.300048828125,903.9000244140625,1414.5999755859375,420.6499938964844,118.76000213623047,1198.5999755859375
2026-02-16,1358.300048828125,925.7999877929688,1411.5999755859375,425.6000061035156,120.56999969482422,1208.0999755859375
2026-02-17,1357.199951171875,925.7000122070312,1407.5,424.45001220703125,124.81999969482422,1213.4000244140625
2026-02-18,1377.0,924.7000122070312,1408.199951171875,426.3500061035156,128.1699981689453,1218.9000244140625
2026-02-19,1356.5999755859375,915.5999755859375,1388.800048828125,416.3999938964844,126.0999984741211,1205.699951171875
2026-02-20,1368.300048828125,911.8499755859375,1394.5,421.3500061035156,129.58999633789062,1216.0999755859375
2026-02-23,1386.699951171875,923.5999755859375,1399.4000244140625,430.70001220703125,130.27000427246094,1227.800048828125
2026-02-24,1387.5999755859375,910.5,1384.800048828125,427.70001220703125,131.02999877929688,1223.300048828125
2026-02-25,1403.0,907.5999755859375,1400.5,424.95001220703125,130.5399932861328,1200.0999755859375
2026-02-26,1395.5,898.5999755859375,1404.9000244140625,424.54998779296875,130.47999572753906,1209.5
2026-02-27,1383.9000244140625,887.75,1378.9000244140625,415.20001220703125,129.44000244140625,1201.699951171875
2026-03-02,1372.300048828125,879.4000244140625,1374.0,413.1000061035156,126.05000305175781,1189.9000244140625
2026-03-04,1351.300048828125,868.6500244140625,1365.4000244140625,403.3500061035156,121.37000274658203,1174.5
2026-03-05,1349.0999755859375,877.75,1357.5999755859375,407.29998779296875,122.19999694824219,1169.5
2026-03-06,1315.800048828125,857.0499877929688,1313.4000244140625,399.79998779296875,119.30999755859375,1143.0
2026-03-09,1288.300048828125,840.7000122070312,1278.4000244140625,386.3500061035156,115.06999969482422,1098.5
2026-03-10,1314.699951171875,849.4500122070312,1311.9000244140625,391.8500061035156,117.52999877929688,1112.199951171875
2026-03-11,1255.800048828125,833.9500122070312,1294.5999755859375,383.20001220703125,115.83999633789062,1091.0999755859375
2026-03-12,1234.5,832.75,1266.5,375.29998779296875,116.61000061035156,1085.199951171875
2026-03-13,1197.300048828125,817.0,1254.800048828125,366.8500061035156,111.69999694824219,1047.0
2026-03-16,1214.699951171875,840.5999755859375,1272.9000244140625,369.8500061035156,110.97000122070312,1066.699951171875
2026-03-17,1228.0999755859375,845.3499755859375,1288.699951171875,374.20001220703125,112.0,1064.699951171875
2026-03-18,1253.199951171875,843.0499877929688,1289.300048828125,375.3999938964844,113.12000274658203,1069.800048828125
2026-03-19,1207.0,798.2000122070312,1250.0999755859375,368.1499938964844,109.48999786376953,1048.9000244140625
2026-03-20,1203.9000244140625,780.4500122070312,1245.4000244140625,366.75,111.52999877929688,1058.0
2026-03-23,1170.5999755859375,744.1500244140625,1222.699951171875,356.54998779296875,105.55000305175781,1031.9000244140625
2026-03-24,1192.699951171875,764.9000244140625,1251.199951171875,366.8500061035156,107.26000213623047,1030.800048828125
2026-03-25,1222.0999755859375,782.2999877929688,1259.699951171875,371.1000061035156,110.06999969482422,1060.5999755859375
2026-03-27,1205.199951171875,756.2000122070312,1233.800048828125,366.1499938964844,105.12999725341797,1019.5
2026-03-30,1161.300048828125,731.5499877929688,1205.9000244140625,353.3999938964844,100.55999755859375,979.4000244140625
2026-04-01,1193.0999755859375,742.25,1212.699951171875,356.04998779296875,104.0,1017.7999877929688
2026-04-02,1197.9000244140625,750.9000244140625,1215.800048828125,358.0,104.4800033569336,1018.4000244140625
2026-04-06,1245.300048828125,771.0,1231.4000244140625,360.54998779296875,106.5,1032.75
2026-04-07,1250.0999755859375,772.0,1245.5,362.95001220703125,104.58000183105469,1030.4000244140625
2026-04-08,1333.0,816.0999755859375,1309.199951171875,380.1499938964844,111.13999938964844,1061.449951171875
2026-04-09,1318.5,797.7000122070312,1281.300048828125,371.8999938964844,109.58999633789062,1040.949951171875
2026-04-10,1350.800048828125,810.2999877929688,1321.9000244140625,374.54998779296875,111.80000305175781,1066.699951171875
2026-04-13,1353.5999755859375,794.7000122070312,1351.0999755859375,371.8999938964844,110.7300033569336,1063.550048828125
2026-04-15,1355.5,809.9000244140625,1348.0999755859375,382.3999938964844,113.08000183105469,1071.5
2026-04-16,1349.5999755859375,795.4500122070312,1345.5,379.1499938964844,113.55999755859375,1067.1500244140625
2026-04-17,1359.0999755859375,799.9000244140625,1346.800048828125,383.6000061035156,114.4800033569336,1080.25
2026-04-20,1354.699951171875,795.4500122070312,1356.199951171875,379.20001220703125,113.73999786376953,1107.8499755859375
2026-04-21,1377.699951171875,811.75,1388.4000244140625,382.1499938964844,114.11000061035156,1111.8499755859375
2026-04-22,1379.5999755859375,799.9000244140625,1367.5999755859375,376.8500061035156,114.66999816894531,1103.300048828125
2026-04-23,1369.5999755859375,784.3499755859375,1348.0,370.3999938964844,112.70999908447266,1094.25
2026-04-24,1365.9000244140625,784.8499755859375,1326.199951171875,370.8500061035156,113.08999633789062,1101.0999755859375
2026-04-27,1324.199951171875,789.7999877929688,1314.0999755859375,376.79998779296875,113.87999725341797,1111.8499755859375
2026-04-28,1289.0,782.5499877929688,1292.0,377.95001220703125,111.38999938964844,1091.300048828125
2026-04-29,1296.4000244140625,779.0,1281.0,382.0,111.18000030517578,1086.9000244140625
2026-04-30,1268.300048828125,771.7000122070312,1263.4000244140625,383.29998779296875,109.36000061035156,1068.449951171875
2026-05-01,1268.300048828125,771.7000122070312,1263.4000244140625,383.29998779296875,109.36000061035156,1068.449951171875
2026-05-04,1275.0999755859375,779.4000244140625,1270.800048828125,371.6499938964844,108.68000030517578,1068.4000244140625
2026-05-05,1259.699951171875,772.2999877929688,1251.300048828125,371.3500061035156,107.88999938964844,1059.9000244140625
2026-05-06,1294.199951171875,796.5499877929688,1279.5,376.6000061035156,110.18000030517578,1096.0
2026-05-07,1292.699951171875,796.0499877929688,1279.0,379.3999938964844,109.11000061035156,1092.0
